email,gender,product,price_usd,amount,country,firstname,surname,total_price_usd
bsowrah0@csmonitor.com,Female,Cheese - St. Andre,39.14,90,France,Belvia,Sowrah,3522.6
ohenric1@toplist.cz,Female,Ecolab - Ster Bac,74.98,18,Honduras,Ortensia,Henric,1349.64
rhallatt2@wix.com,Female,Yokaline,69.93,47,United States,Rafaelia,Hallatt,3286.7100000000005
chowick3@jimdo.com,Female,Prunes - Pitted,56.37,25,Azerbaijan,Cathrin,Howick,1409.25
vkordova4@seattletimes.com,Female,Oven Mitts 17 Inch,14.79,62,Brazil,Viola,Kordova,916.9799999999999
lbeeres5@unesco.org,Female,"Fish - Scallops, Cold Smoked",38.43,50,China,Leonora,Beeres,1921.5
mpinniger6@hao123.com,Female,"Pork - Loin, Bone - In",42.08,26,Macedonia,Mufi,Pinniger,1094.08
ptabram7@yale.edu,Female,"Bread - White, Unsliced",81.32,41,Russia,Paulina,Tabram,3334.12
ballden8@squidoo.com,Female,"Bread - Rolls, Corn",79.16,13,Russia,Bell,Allden,1029.08
sheinish9@umich.edu,Male,Beer - Paulaner Hefeweisse,50.72,3,Morocco,Saunderson,Heinish,152.16
kixora@constantcontact.com,Male,Ham - Black Forest,71.82,65,China,Keenan,Ixor,4668.299999999999
dmarmyonb@sogou.com,Female,"Mushroom - Morels, Dry",69.9,81,Brazil,Doris,Marmyon,5661.900000000001
aoliffec@exblog.jp,Female,Beer - Upper Canada Light,82.72,84,China,Arda,Oliffe,6948.48
cbrideld@quantcast.com,Male,Raspberries - Frozen,66.57,62,Russia,Cash,Bridel,4127.339999999999
tjenickef@cmu.edu,Male,Eggplant Oriental,86.19,94,Peru,Tucky,Jenicke,8101.86
cwalewskig@economist.com,Male,Beef - Tenderloin Tails,67.24,45,France,Cooper,Walewski,3025.7999999999997
gmangerh@springer.com,Male,Tea - Green,42.83,79,Portugal,Gamaliel,Manger,3383.5699999999997
esumbleri@tinyurl.com,Female,"Soup - Knorr, Chicken Noodle",6.99,23,China,Ernaline,Sumbler,160.77
gassardj@cpanel.net,Male,"Veal - Tenderloin, Untrimmed",29.8,15,Philippines,Gil,Assard,447.0
agierathsk@craigslist.org,Female,Sprouts - Brussel,95.72,43,Russia,Anica,Gieraths,4115.96
mmapsonl@nhs.uk,Female,"Quail - Whole, Boneless",5.77,19,Poland,Midge,Mapson,109.63
msimionim@nsw.gov.au,Male,Sole - Iqf,32.6,77,Japan,Mikol,Simioni,2510.2000000000003
cbloyo@opera.com,Female,Steamers White,22.44,99,China,Clio,Bloy,2221.56
cgarrickp@odnoklassniki.ru,Female,Crackers Cheez It,51.8,80,Cuba,Cherlyn,Garrick,4144.0
rfarreilq@tiny.cc,Male,Soup Campbells,28.35,82,Japan,Rickey,Farreil,2324.7000000000003
imchirrier@weibo.com,Male,Napkin White,49.35,3,Brazil,Isak,M'Chirrie,148.05
smcgenns@theglobeandmail.com,Male,"Chilli Paste, Sambal Oelek",37.05,70,Thailand,Sawyer,McGenn,2593.5
lfabbriu@google.it,Female,Bread - Mini Hamburger Bun,40.57,94,Portugal,Lorraine,Fabbri,3813.58
tdaffeyv@mysql.com,Female,Anisette - Mcguiness,6.67,30,Poland,Tildie,Daffey,200.1
zhussellw@elpais.com,Female,Lamb - Shoulder,28.89,38,Uganda,Zorina,Hussell,1097.82
gbalassax@sfgate.com,Male,Flower - Commercial Spider,57.55,26,Mexico,Griff,Balassa,1496.3
spagey@nature.com,Female,Onions - Pearl,42.33,70,China,Sylvia,Page,2963.1
decclesz@hexun.com,Female,Sword Pick Asst,70.85,33,Indonesia,Dulci,Eccles,2338.0499999999997
mred11@youtube.com,Male,Beer - Guiness,71.92,54,Philippines,Maximo,Red,3883.6800000000003
lwogan12@columbia.edu,Female,Wild Boar - Tenderloin,94.66,53,France,Leoine,Wogan,5016.98
rstitfall14@weebly.com,Male,"Bag - Bread, White, Plain",70.9,34,Israel,Roderic,Stitfall,2410.6000000000004
bballintime15@photobucket.com,Male,Chickensplit Half,85.65,45,Croatia,Billie,Ballintime,3854.2500000000005
jmeenan16@wired.com,Male,Island Oasis - Cappucino Mix,12.03,71,Slovenia,Juan,Meenan,854.13
hkegley17@clickbank.net,Male,"Soup - Campbells, Spinach Crm",74.64,85,Japan,Hirsch,Kegley,6344.4
bvinick18@acquirethisname.com,Male,Oil - Avocado,4.49,66,Vietnam,Bartlet,Vinick,296.34000000000003
daddicote19@nasa.gov,Male,Ecolab - Solid Fusion,52.22,82,United States,Demetris,Addicote,4282.04
nshowen1b@imageshack.us,Female,Wine - Barossa Valley Estate,88.94,53,Indonesia,Nicole,Showen,4713.82
kextall1c@mlb.com,Female,Food Colouring - Green,12.39,76,Philippines,Karie,Extall,941.6400000000001
cmacshirie1d@pbs.org,Female,"Beef - Cooked, Corned",66.38,65,China,Christal,MacShirie,4314.7
bpomphrey1e@indiegogo.com,Female,Island Oasis - Raspberry,77.33,60,Turkey,Breena,Pomphrey,4639.8
agittus1g@naver.com,Male,Bread - White Epi Baguette,87.06,91,Serbia,Abbott,Gittus,7922.46
bbrettelle1h@goo.gl,Male,Eggroll,20.0,66,United States,Bay,Brettelle,1320.0
gfawlo1i@nationalgeographic.com,Male,Wine - Guy Sage Touraine,66.98,57,China,Grove,Fawlo,3817.86
tespino1k@blinklist.com,Female,Chutney Sauce - Mango,20.53,55,Indonesia,Tobye,Espino,1129.15
dhodgon1l@hubpages.com,Female,Tequila Rose Cream Liquor,95.82,47,South Sudan,Dalia,Hodgon,4503.54
cfulun1m@webmd.com,Female,Wine - Stoneliegh Sauvignon,54.25,29,Sweden,Cassaundra,Fulun,1573.25
vmoxted1o@g.co,Male,"Schnappes - Peach, Walkers",41.95,17,Indonesia,Valle,Moxted,713.1500000000001
eparsley1p@weibo.com,Male,"Flour - Corn, Fine",57.4,89,Portugal,Evelin,Parsley,5108.599999999999
bboundey1q@state.tx.us,Female,Nori Sea Weed - Gold Label,22.2,47,China,Bambi,Boundey,1043.3999999999999
paries1r@reference.com,Female,Apple - Fuji,1.41,15,Philippines,Paolina,Aries,21.15
ebeecroft1s@prweb.com,Male,Flour - So Mix Cake White,3.55,96,Cuba,Eugenius,Beecroft,340.79999999999995
amose1t@earthlink.net,Male,Oil - Margarine,90.8,46,Netherlands,Abel,Mose,4176.8
ntomaskov1v@nature.com,Female,Boogies,34.0,12,Palestinian Territory,Nancee,Tomaskov,408.0
kfriday1w@xinhuanet.com,Female,"Juice - Apple, 341 Ml",81.61,43,Philippines,Karleen,Friday,3509.23
astrond1x@google.com.hk,Male,Cranberries - Frozen,22.62,83,Japan,Ade,Strond,1877.46
mbrito1y@networksolutions.com,Female,"Wine - Saint - Bris 2002, Sauv",5.19,24,United States,Moyra,Brito,124.56
krous1z@engadget.com,Female,Juice - Orange 1.89l,47.48,16,Japan,Karmen,Rous,759.68
ddarke20@multiply.com,Female,Cheese - St. Andre,23.96,97,Mongolia,Doris,Darke,2324.12
ahughlin21@deliciousdays.com,Female,Chocolate Bar - Oh Henry,98.25,3,Portugal,Angelika,Hughlin,294.75
kkesey22@wsj.com,Male,Cinnamon Buns Sticky,43.95,48,China,Keelby,Kesey,2109.6000000000004
agerram23@ustream.tv,Male,"Wine - White, Chardonnay",24.98,60,China,Antoine,Gerram,1498.8
cdaenen24@army.mil,Female,Orange Roughy 6/8 Oz,50.37,25,China,Constantina,Daenen,1259.25
hgannan25@comsenz.com,Male,"Marsala - Sperone, Fine, D.o.c.",29.21,77,China,Hal,Gannan,2249.17
nminall26@dyndns.org,Female,Spaghetti Squash,53.67,69,China,Nadya,Minall,3703.23
msmedmoor27@mashable.com,Female,Puree - Blackcurrant,95.54,48,Mongolia,Merrili,Smedmoor,4585.92
ksnailham28@over-blog.com,Male,Thyme - Dried,93.53,38,Sierra Leone,Kippie,Snailham,3554.14
tpetrelluzzi29@webs.com,Male,Flour - Teff,1.28,96,Czech Republic,Tabb,Petrelluzzi,122.88
smc2a@newyorker.com,Male,Spring Roll Wrappers,40.93,3,Indonesia,Sammie,Mc,122.78999999999999
spetrecz2b@earthlink.net,Male,Bread - Multigrain Oval,75.41,36,Canada,Sterne,Petrecz,2714.7599999999998
sadel2c@google.com,Female,Beef - Tenderloin Tails,58.26,19,China,Sukey,Adel,1106.94
ebishop2d@stanford.edu,Female,Ice Cream Bar - Drumstick,59.3,70,China,Edithe,Bishop,4151.0
owilfing2e@dailymotion.com,Male,Broom Handle,88.03,95,Serbia,Osbourne,Wilfing,8362.85
imcauslene2f@marriott.com,Female,Barley - Pearl,7.19,93,Peru,Iris,McAuslene,668.6700000000001
ebreakey2g@quantcast.com,Male,Pineapple - Regular,79.45,14,Japan,Efren,Breakey,1112.3
lwanklin2h@shareasale.com,Female,Flour - Masa De Harina Mexican,9.64,36,Brazil,Lib,Wanklin,347.04
rtofanini2i@flavors.me,Male,Onions - Green,65.66,16,China,Rodrique,Tofanini,1050.56
mscotney2j@whitehouse.gov,Female,"Veal - Inside Round / Top, Lean",46.59,72,Philippines,Masha,Scotney,3354.4800000000005
yfigger2k@theatlantic.com,Male,Chevril,85.83,10,Greece,Yank,Figger,858.3
hbrundale2l@tuttocitta.it,Male,"Yogurt - Strawberry, 175 Gr",23.24,12,Cuba,Hector,Brundale,278.88
mslyne2m@so-net.ne.jp,Female,Tomato - Green,29.62,35,Ireland,Minne,Slyne,1036.7
bgiacubo2n@huffingtonpost.com,Male,Island Oasis - Cappucino Mix,91.99,53,Indonesia,Brice,Giacubo,4875.469999999999
ohewins2o@nba.com,Male,Flavouring - Raspberry,86.69,55,Russia,Oren,Hewins,4767.95
fantrum2p@time.com,Male,Bar Nature Valley,68.69,35,North Korea,Franchot,Antrum,2404.15
mcattrall2q@microsoft.com,Female,Glaze - Clear,79.2,76,Indonesia,Michal,Cattrall,6019.2
gaulsford2r@mac.com,Female,Wine - Chianti Classica Docg,3.62,47,France,Geneva,Aulsford,170.14000000000001
bpriddy2t@4shared.com,Male,Chips Potato Swt Chilli Sour,69.35,56,Tajikistan,Boyce,Priddy,3883.5999999999995
asheppey2u@wunderground.com,Male,Glaze - Clear,42.8,36,Denmark,Andreas,Sheppey,1540.8
gmedina2v@mlb.com,Male,French Kiss Vanilla,93.03,18,China,Griffin,Medina,1674.54
mmcindoe2x@blogger.com,Male,"Veal - Shank, Pieces",80.67,28,Sweden,Morlee,McIndoe,2258.76
bmccrostie2y@aol.com,Female,Nut - Macadamia,61.13,68,China,Bria,McCrostie,4156.84
bhoulridge2z@networkadvertising.org,Female,"Rum - Dark, Bacardi, Black",82.82,38,Zimbabwe,Belinda,Houlridge,3147.16
cclell30@furl.net,Female,"Wine - White, Riesling, Semi - Dry",37.0,28,Thailand,Corilla,Clell,1036.0
bmazzei31@xing.com,Male,"Wine - White, Concha Y Toro",70.18,41,China,Byron,Mazzei,2877.38
mglas32@networksolutions.com,Male,Calypso - Strawberry Lemonade,84.7,97,China,Marcos,Glas,8215.9
ctupling33@salon.com,Female,"Soup - Knorr, Country Bean",83.73,36,Thailand,Charil,Tupling,3014.28
doldcroft34@tripadvisor.com,Female,Chevere Logs,56.02,53,Poland,Dayna,Oldcroft,2969.06
cbarrim35@lulu.com,Male,"Chicken - Leg, Fresh",93.22,88,Russia,Chilton,Barrim,8203.36
mmaryon36@omniture.com,Male,Ginsing - Fresh,46.42,68,China,Milt,Maryon,3156.56
fmcavey37@furl.net,Male,Crush - Cream Soda,16.5,74,United States,Faber,McAvey,1221.0
bgeorghiou39@intel.com,Female,Long Island Ice Tea,15.59,14,United States,Britta,Georghiou,218.26
lprinn3a@rambler.ru,Female,Olives - Stuffed,44.6,48,Azerbaijan,Lisette,Prinn,2140.8
blothean3b@deviantart.com,Male,Food Colouring - Pink,43.2,45,Liberia,Bil,Lothean,1944.0000000000002
phrycek3c@tiny.cc,Male,Kaffir Lime Leaves,97.63,97,Guinea,Philbert,Hrycek,9470.109999999999
csynder3d@dell.com,Male,Banana,24.07,25,Indonesia,Chase,Synder,601.75
agrimwood3e@canalblog.com,Female,Water - Tonic,78.38,100,Syria,Adriana,Grimwood,7838.0
gsilvers3h@go.com,Female,"Lobster - Baby, Boiled",73.07,58,Afghanistan,Gertie,Silvers,4238.0599999999995
rbredee3i@illinois.edu,Male,Tea - Earl Grey,51.03,99,Ivory Coast,Rollie,Bredee,5051.97
tcowderoy3j@bloomberg.com,Male,Taro Root,36.85,52,Pakistan,Thaine,Cowderoy,1916.2
fwaplington3k@addtoany.com,Female,Cheese - Brie,85.06,80,Netherlands,Francyne,Waplington,6804.8
abirkmyr3l@army.mil,Male,Beef - Top Butt Aaa,77.28,35,Indonesia,Aubert,Birkmyr,2704.8
pmort3m@hhs.gov,Male,Oil - Macadamia,56.2,75,Chile,Preston,Mort,4215.0
dhamnet3n@sohu.com,Male,Apples - Spartan,2.6,75,Belarus,Drud,Hamnet,195.0
gpaul3o@vk.com,Female,Coffee - Dark Roast,92.94,51,China,Gael,Paul,4739.94
sadamovitch3p@jugem.jp,Female,Hinge W Undercut,23.3,91,China,Shannah,Adamovitch,2120.3
hstit3q@hhs.gov,Male,Pastry - Baked Cinnamon Stick,70.92,23,China,Hasheem,Stit,1631.16
rcholonin3r@washingtonpost.com,Male,Wine - Pinot Noir Mondavi Coastal,95.17,14,Peru,Raimondo,Cholonin,1332.38
skarpushkin3s@freewebs.com,Male,Jolt Cola,65.17,67,Brazil,Sylvan,Karpushkin,4366.39
ashallcroff3t@feedburner.com,Male,Pepper - Yellow Bell,38.34,23,Argentina,Anthony,Shallcroff,881.82
mmarzelo3u@examiner.com,Female,Lobster - Base,14.45,39,Croatia,Meghan,Marzelo,563.55
gcornforth3v@mozilla.org,Male,Flavouring - Rum,32.04,80,Mexico,Garik,Cornforth,2563.2
rharhoff3w@hexun.com,Male,"Pork - Sausage, Medium",7.03,8,Palestinian Territory,Richart,Harhoff,56.24
kclipston3x@skyrock.com,Female,Mayonnaise,12.17,84,Finland,Koo,Clipston,1022.28
avile3y@usda.gov,Female,Wine - Manischewitz Concord,93.7,1,Philippines,Anetta,Vile,93.7
dchant3z@blog.com,Female,Lettuce - Lolla Rosa,39.04,72,China,Dorotea,Chant,2810.88
srapelli40@yahoo.co.jp,Female,Wine - Two Oceans Cabernet,27.89,53,Bulgaria,Stefa,Rapelli,1478.17
tmusselwhite41@themeforest.net,Male,"Lobster - Tail, 3 - 4 Oz",74.67,1,Panama,Tedmund,Musselwhite,74.67
sgoullee42@omniture.com,Female,Wine - Peller Estates Late,7.35,26,Indonesia,Stacie,Goullee,191.1
lmcconnel43@wikispaces.com,Female,Edible Flower - Mixed,76.87,80,Peru,Lani,McConnel,6149.6
ltankus44@tiny.cc,Female,Tomatoes Tear Drop,16.16,71,Russia,Lorne,Tankus,1147.36
dgoldsworthy45@freewebs.com,Female,Soup - Boston Clam Chowder,91.58,22,Albania,Dyanna,Goldsworthy,2014.76
abramsen46@webmd.com,Male,"Wine - Red, Cabernet Merlot",30.85,12,Morocco,Allard,Bramsen,370.20000000000005
sscrivner47@merriam-webster.com,Female,Tea - Herbal - 6 Asst,56.26,99,Malta,Stevana,Scrivner,5569.74
rwoofendell48@nytimes.com,Male,Aspic - Amber,12.46,84,Indonesia,Ric,Woofendell,1046.64
mjado49@creativecommons.org,Male,Bread - Granary Small Pull,69.13,39,Afghanistan,Miguel,Jado,2696.0699999999997
dmackall4a@arizona.edu,Female,Hand Towel,61.38,58,Sweden,Doreen,MacKall,3560.04
fcappineer4b@parallels.com,Female,Cheese - Sheep Milk,70.46,55,China,Franciska,Cappineer,3875.2999999999997
cwrotham4c@mashable.com,Male,Vinegar - Balsamic,84.27,39,China,Carlie,Wrotham,3286.5299999999997
jwestall4d@gizmodo.com,Male,"Nut - Almond, Blanched, Whole",23.02,4,Venezuela,Jock,Westall,92.08
scavalier4e@paginegialle.it,Female,"Napkin - Dinner, White",96.34,2,China,Sena,Cavalier,192.68
tklemke4f@nifty.com,Male,Chicken - Base,83.66,69,Brazil,Tobiah,Klemke,5772.54
mmitchenson4g@dailymotion.com,Female,Extract - Raspberry,6.97,21,Greece,Mellisa,Mitchenson,146.37
lbarette4h@cmu.edu,Male,Potatoes - Mini White 3 Oz,80.53,24,Azerbaijan,Lennard,Barette,1932.72
gpiegrome4i@mit.edu,Male,Cookies - Englishbay Chochip,35.85,73,United States,Gun,Piegrome,2617.05
caucock4j@adobe.com,Female,Corn Kernels - Frozen,15.29,49,Japan,Catharine,Aucock,749.2099999999999
ephilcock4k@census.gov,Male,Roe - White Fish,99.36,100,Tanzania,Erik,Philcock,9936.0
cnendick4l@purevolume.com,Female,Pork - Smoked Kassler,19.1,99,China,Cyndi,Nendick,1890.9
einsley4m@digg.com,Female,Rabbit - Whole,20.02,59,China,Emmi,Insley,1181.18
dtissiman4n@dagondesign.com,Female,"Nut - Cashews, Whole, Raw",45.84,52,Benin,Dory,Tissiman,2383.6800000000003
hpetrushanko4p@cornell.edu,Male,Ginger - Fresh,3.14,9,Jordan,Hiram,Petrushanko,28.26
gelsby4q@nps.gov,Female,Scallops - Live In Shell,24.78,95,United States,Gretal,Elsby,2354.1
atampling4r@gnu.org,Female,Muffin Batt - Blueberry Passion,38.96,79,Russia,Angeline,Tampling,3077.84
lbalhatchet4s@howstuffworks.com,Male,Beer - Mill St Organic,6.45,71,Indonesia,Lewie,Balhatchet,457.95
hmatheson4t@wisc.edu,Male,"Bread - Crumbs, Bulk",94.72,75,China,Hiram,Matheson,7104.0
yheaseman4v@bigcartel.com,Female,"Pasta - Detalini, White, Fresh",90.68,99,Afghanistan,Yoko,Heaseman,8977.320000000002
jthys4w@weebly.com,Male,Chef Hat 25cm,16.0,82,Indonesia,Jerome,Thys,1312.0
fdommerque4x@51.la,Male,Extract Vanilla Pure,40.57,5,Croatia,Ford,Dommerque,202.85
isuthworth4z@wsj.com,Female,Spinach - Spinach Leaf,2.35,26,Peru,Idell,Suthworth,61.1
saxworthy50@newsvine.com,Female,Yoplait Drink,86.67,98,Paraguay,Stefa,Axworthy,8493.66
cbaglin51@youtube.com,Female,Sauce - Vodka Blush,46.17,80,Bosnia and Herzegovina,Chandra,Baglin,3693.6000000000004
bsiddens52@narod.ru,Male,Mcgillicuddy Vanilla Schnap,56.48,28,United States,Banky,Siddens,1581.4399999999998
byarnley54@smugmug.com,Female,"Pepper - Black, Crushed",73.52,2,China,Brandie,Yarnley,147.04
lcobelli55@bravesites.com,Male,Shortbread - Cookie Crumbs,69.58,51,Mexico,Lawrence,Cobelli,3548.58
rrosterne57@goodreads.com,Female,Bandage - Flexible Neon,3.81,25,Indonesia,Rivkah,Rosterne,95.25
studdenham58@xinhuanet.com,Male,"Beans - Long, Chinese",26.94,87,Poland,Saundra,Tuddenham,2343.78
mwhetnall59@wiley.com,Male,Water - Perrier,52.18,46,Finland,Michal,Whetnall,2400.28
nrichings5a@spotify.com,Male,Juice - Mango,17.17,38,Philippines,Nolly,Richings,652.46
speggrem5b@toplist.cz,Female,Apricots - Halves,4.83,34,France,Sidoney,Peggrem,164.22
cverdie5c@mashable.com,Female,Veal - Loin,73.68,63,Kenya,Corinne,Verdie,4641.84
scrackett5d@slashdot.org,Female,Cheese Cheddar Processed,78.72,8,Honduras,Sosanna,Crackett,629.76
abeartup5e@lulu.com,Male,Tomato - Peeled Italian Canned,67.04,70,Vietnam,Artemus,Beartup,4692.8
aczyz5f@rakuten.co.jp,Male,Irish Cream - Baileys,29.49,18,Philippines,Ansell,Czyz,530.8199999999999
emurkitt5g@wix.com,Female,Apples - Spartan,57.31,67,Serbia,Ettie,Murkitt,3839.77
chanrahan5h@house.gov,Male,"Arctic Char - Fresh, Whole",38.45,46,Colombia,Christophe,Hanrahan,1768.7
fwinch5j@dyndns.org,Female,Bread Base - Goodhearth,10.8,13,China,Faythe,Winch,140.4
lelcoux5l@eepurl.com,Female,"Pasta - Tortellini, Fresh",47.34,85,Italy,Laura,Elcoux,4023.9
scanas5m@artisteer.com,Female,Tea - English Breakfast,31.46,75,Poland,Stafani,Canas,2359.5
alabden5n@vistaprint.com,Male,Cod - Fillets,4.57,40,Morocco,Arch,Labden,182.8
ybellefant5o@sina.com.cn,Female,Ecolab Crystal Fusion,8.47,48,Russia,Yolanda,Bellefant,406.56000000000006
cpengelly5p@pbs.org,Female,Baking Powder,3.06,54,Russia,Corrinne,Pengelly,165.24
dpechacek5q@ca.gov,Female,Beef Striploin Aaa,42.65,44,Japan,Deanne,Pechacek,1876.6
modreain5r@hud.gov,Male,"Club Soda - Schweppes, 355 Ml",84.11,56,Italy,Mycah,O'Dreain,4710.16
nlauderdale5s@constantcontact.com,Female,Raisin - Dark,34.47,18,Brazil,Netta,Lauderdale,620.46
madkin5t@mashable.com,Male,Wine - Piper Heidsieck Brut,26.65,7,Russia,Mathew,Adkin,186.54999999999998
mmaccree5u@bloglines.com,Female,Lobster - Canned Premium,47.35,69,Philippines,Mandie,Maccree,3267.15
tworms5v@so-net.ne.jp,Male,Wine - Ej Gallo Sierra Valley,64.81,73,Costa Rica,Tamas,Worms,4731.13
cfaussett5w@hostgator.com,Female,Remy Red,12.65,39,France,Christabel,Faussett,493.35
ssantos5x@amazon.co.uk,Female,Halibut - Fletches,95.12,11,Indonesia,Shell,Santos,1046.3200000000002
cstoving5y@infoseek.co.jp,Female,"Cake Circle, Foil, Scallop",1.79,33,Colombia,Christin,Stoving,59.07
fmatusov5z@bbc.co.uk,Female,"Soup - Campbells, Cream Of",13.64,98,China,Farah,Matusov,1336.72
mbeahan61@gmpg.org,Male,Pastry - Mini French Pastries,49.83,48,Yemen,Marlowe,Beahan,2391.84
lrampling62@hhs.gov,Female,Compound - Raspberry,54.46,27,Japan,Lizabeth,Rampling,1470.42
acandelin63@lulu.com,Male,Pepper - Pablano,92.2,70,Brazil,Arch,Candelin,6454.0
xgeraldini64@lycos.com,Male,Lid Tray - 16in Dome,42.46,16,Japan,Xever,Geraldini,679.36
tpetren65@upenn.edu,Male,Bread - Olive Dinner Roll,41.63,21,China,Thayne,Petren,874.23
mwaples66@chronoengine.com,Male,"Mustard - Dry, Powder",24.79,28,Pakistan,Morton,Waples,694.12
ppurry67@digg.com,Female,"Pasta - Fettuccine, Egg, Fresh",42.18,19,Thailand,Portia,Purry,801.42
boluney68@last.fm,Male,"Mushroom - Shitake, Fresh",79.68,75,Brazil,Brendin,O'Luney,5976.000000000001
bhoyte69@naver.com,Female,Apple - Fuji,71.51,83,South Africa,Bebe,Hoyte,5935.330000000001
kchristofor6a@clickbank.net,Male,Lidsoupcont Rp12dn,46.46,31,Poland,Kendell,Christofor,1440.26
gstephen6b@netlog.com,Male,Napkin Colour,50.66,58,Vietnam,Gaston,Stephen,2938.2799999999997
cschwandermann6d@buzzfeed.com,Female,Mustard - Seed,9.72,77,China,Caroljean,Schwandermann,748.44
ddell6e@51.la,Female,Seaweed Green Sheets,53.98,82,China,Daloris,Dell,4426.36
tgodbert6f@imgur.com,Male,"Potatoes - Yukon Gold, 80 Ct",30.32,28,Nigeria,Thorndike,Godbert,848.96
gfolkard6g@mlb.com,Male,Appetizer - Mango Chevre,82.81,16,Sweden,Gav,Folkard,1324.96
lswyne6h@spotify.com,Female,"Appetizer - Mini Egg Roll, Shrimp",21.45,72,Ghana,Loree,Swyne,1544.3999999999999
bruncieman6i@liveinternet.ru,Male,Wine - Kwv Chenin Blanc South,6.92,16,China,Bjorn,Runcieman,110.72
mmumberson6j@lycos.com,Male,Muffin - Carrot Individual Wrap,75.51,86,Indonesia,Milo,Mumberson,6493.860000000001
mhumpage6k@cyberchimps.com,Female,Chicken - Ground,64.8,16,Portugal,Miguela,Humpage,1036.8
abollard6l@plala.or.jp,Female,Peas Snow,98.37,42,Pakistan,Augustina,Bollard,4131.54
dcaplan6m@dion.ne.jp,Male,"Stock - Beef, White",97.61,55,Ghana,Dorey,Caplan,5368.55
wpaling6n@ebay.com,Male,Cup - 4oz Translucent,10.64,73,Russia,Wakefield,Paling,776.72
mmathou6o@quantcast.com,Female,Pepperoni Slices,48.94,14,Panama,Maire,Mathou,685.16
cantognozzii6p@house.gov,Male,Mudslide,58.23,32,Ukraine,Christoph,Antognozzii,1863.36
caveyard6q@mac.com,Female,Sour Puss Sour Apple,30.28,30,Spain,Coral,Aveyard,908.4000000000001
sohearn6r@bravesites.com,Female,Zucchini - Green,12.34,57,Thailand,Sherilyn,O'Hearn,703.38
orosini6s@zdnet.com,Male,"Nut - Pecan, Halves",68.02,81,Brazil,Olenolin,Rosini,5509.62
cpettendrich6t@globo.com,Male,Wine - Vineland Estate Semi - Dry,92.69,12,Kazakhstan,Cob,Pettendrich,1112.28
mskeath6u@gizmodo.com,Female,Gatorade - Fruit Punch,60.84,31,Peru,Maiga,Skeath,1886.0400000000002
lferebee6v@yellowpages.com,Female,Tart - Raisin And Pecan,24.9,89,France,Laurianne,Ferebee,2216.1
cmacgruer6w@devhub.com,Female,Compound - Raspberry,69.58,37,China,Cordula,MacGruer,2574.46
jpunchard6x@macromedia.com,Female,Coriander - Ground,48.67,73,Russia,Jonell,Punchard,3552.9100000000003
rpeplay6y@studiopress.com,Female,"Wine - White, Pinot Grigio",68.11,10,Philippines,Ranna,Peplay,681.1
bferraresi6z@pbs.org,Male,Browning Caramel Glace,5.7,71,Poland,Bat,Ferraresi,404.7
rwaterfall71@virginia.edu,Female,Lamb - Shoulder,70.01,68,Philippines,Rafa,Waterfall,4760.68
kaleshkov72@prweb.com,Female,Chutney Sauce - Mango,52.13,76,Brazil,Krysta,Aleshkov,3961.88
aarnefield73@nytimes.com,Male,Chocolate Bar - Reese Pieces,8.09,22,Brazil,Alexandre,Arnefield,177.98
dfuentez74@mapquest.com,Male,Extract - Almond,55.55,37,Indonesia,Donal,Fuentez,2055.35
cgrimwade76@craigslist.org,Female,Muffin - Mix - Bran And Maple 15l,40.6,47,China,Cary,Grimwade,1908.2
cpiggen77@squarespace.com,Male,Beer - Sleemans Cream Ale,27.81,15,Thailand,Cyril,Piggen,417.15
adi78@shop-pro.jp,Female,Jameson - Irish Whiskey,73.26,54,Argentina,Amelita,Di,3956.0400000000004
esimionato79@mit.edu,Male,Tea - Honey Green Tea,99.45,47,Brazil,Eb,Simionato,4674.150000000001
arennocks7a@omniture.com,Male,Tea Leaves - Oolong,70.31,67,Thailand,Aksel,Rennocks,4710.77
fkinman7b@nhs.uk,Male,Wine - Delicato Merlot,31.32,11,Indonesia,Francesco,Kinman,344.52
bbeasley7c@nymag.com,Female,Tomatoes - Yellow Hot House,13.08,5,Papua New Guinea,Bride,Beasley,65.4
bblowfelde7d@goodreads.com,Male,Bread - Dark Rye,15.78,54,Indonesia,Bev,Blowfelde,852.12
bpotts7f@flickr.com,Female,Nut - Macadamia,9.8,61,Philippines,Blanca,Potts,597.8000000000001
hbuggy7g@mashable.com,Male,Red Currant Jelly,8.18,21,Indonesia,Herbert,Buggy,171.78
jmaddison7h@tmall.com,Male,Juice - Cranberry 284ml,7.45,81,China,Jedidiah,Maddison,603.45
kbraisher7i@discuz.net,Female,"Shrimp - 16 - 20 Cooked, Peeled",15.53,41,Armenia,Katerine,Braisher,636.73
rrowntree7j@altervista.org,Male,Onions - Red Pearl,8.83,83,China,Rriocard,Rowntree,732.89
ctomaini7k@networkadvertising.org,Male,Seedlings - Clamshell,22.98,18,Kazakhstan,Cortie,Tomaini,413.64
jlodin7l@imageshack.us,Female,Longos - Chicken Cordon Bleu,57.07,2,Croatia,Jilleen,Lodin,114.14
bcockerill7m@topsy.com,Male,Flour Dark Rye,7.15,59,New Zealand,Balduin,Cockerill,421.85
tpiscotti7n@studiopress.com,Male,"Clams - Littleneck, Whole",75.33,25,China,Towney,Piscotti,1883.25
mdowe7o@intel.com,Female,"Veal - Brisket, Provimi,bnls",4.54,8,Colombia,Madelaine,Dowe,36.32
ncattrall7p@ning.com,Female,Chutney Sauce - Mango,62.23,35,Brazil,Nissy,Cattrall,2178.0499999999997
belsey7q@apache.org,Male,Cake - Cheese Cake 9 Inch,8.1,58,Russia,Bernie,Elsey,469.79999999999995
cgerriets7r@indiatimes.com,Female,Dry Ice,7.34,52,Indonesia,Clarabelle,Gerriets,381.68
hobray7s@blogtalkradio.com,Female,Onions - Green,51.76,25,Brazil,Heloise,Obray,1294.0
skramer7t@mail.ru,Male,Shichimi Togarashi Peppeers,4.67,11,Colombia,Si,Kramer,51.37
amaskall7u@hhs.gov,Male,Salmon Steak - Cohoe 6 Oz,36.71,82,Peru,Alister,Maskall,3010.2200000000003
dstuchbury7v@google.com.hk,Female,Muffins - Assorted,64.74,80,Nigeria,Dael,Stuchbury,5179.2
mzorzoni7x@plala.or.jp,Male,Cheese - Oka,59.87,70,Denmark,Morey,Zorzoni,4190.9
khanney7z@behance.net,Male,Container Clear 8 Oz,91.3,84,China,Keir,Hanney,7669.2
averyan80@wikia.com,Male,Oil - Olive,75.46,96,Ecuador,Averell,Veryan,7244.16
lbeddall81@amazon.co.uk,Female,Scallops - 20/30,88.46,24,China,Lindy,Beddall,2123.04
areynoldson82@pagesperso-orange.fr,Male,Cookie Dough - Double,54.08,80,Croatia,Andres,Reynoldson,4326.4
mallderidge83@loc.gov,Female,Orange Roughy 4/6 Oz,73.18,59,Poland,Merle,Allderidge,4317.620000000001
cfishby84@topsy.com,Female,"Pork - Bacon, Double Smoked",61.85,39,China,Chantal,Fishby,2412.15
druddiforth85@e-recht24.de,Female,"Soup - Knorr, Veg / Beef",43.36,52,Poland,Dela,Ruddiforth,2254.72
rrallinshaw87@economist.com,Male,Turnip - Mini,39.52,10,Spain,Remus,Rallinshaw,395.20000000000005
tsheehy88@theguardian.com,Female,Beef Flat Iron Steak,11.87,92,China,Tally,Sheehy,1092.04
bwooffitt8a@facebook.com,Male,Goat - Whole Cut,19.72,30,Canada,Brandyn,Wooffitt,591.5999999999999
gsackur8b@ucla.edu,Male,"Wine - White, Riesling, Semi - Dry",16.64,34,Indonesia,Gayle,Sackur,565.76
glangstone8c@youku.com,Male,Table Cloth 54x72 White,43.26,30,China,Granny,Langstone,1297.8
bgostall8d@aol.com,Male,Beef - Short Ribs,83.23,86,Indonesia,Bail,Gostall,7157.780000000001
fcreebo8e@cbc.ca,Male,Tofu - Firm,45.94,80,Philippines,Fidole,Creebo,3675.2
lruit8f@kickstarter.com,Female,Chives - Fresh,17.59,28,China,Lucy,Ruit,492.52
abelcher8g@acquirethisname.com,Male,Tea - Herbal Sweet Dreams,82.56,61,Latvia,Aldo,Belcher,5036.16
geastridge8h@arstechnica.com,Male,Zucchini - Yellow,50.95,94,China,Gibby,Eastridge,4789.3
ebrisseau8i@berkeley.edu,Male,Nut - Pumpkin Seeds,87.96,23,Belarus,Ezequiel,Brisseau,2023.08
slaurenceau8j@bloomberg.com,Female,Ham - Virginia,51.58,81,Sweden,Sheri,Laurenceau,4177.98
hcrispin8k@umich.edu,Male,Coffee - French Vanilla Frothy,55.12,89,Israel,Harlan,Crispin,4905.679999999999
tmathers8l@weather.com,Male,Fruit Salad Deluxe,56.35,91,China,Tailor,Mathers,5127.85
eternault8n@msn.com,Female,Pineapple - Regular,60.4,16,Brazil,Elonore,Ternault,966.4
bdoncom8o@ovh.net,Male,Tandoori Curry Paste,91.64,19,China,Brodie,Doncom,1741.16
rstarsmore8p@nydailynews.com,Female,Tomatoes - Roma,48.25,14,China,Rochette,Starsmore,675.5
mzellick8q@omniture.com,Male,Quinoa,25.22,3,Cuba,Markus,Zellick,75.66
bmacgiolla8r@youtube.com,Male,Honey - Liquid,53.83,12,Sweden,Broddie,MacGiolla,645.96
sferebee8s@dion.ne.jp,Female,Coconut Milk - Unsweetened,61.03,84,Vietnam,Steffi,Ferebee,5126.52
krainger8t@mysql.com,Female,Mackerel Whole Fresh,32.12,54,Poland,Kittie,Rainger,1734.4799999999998
wsibborn8u@vimeo.com,Male,Beef - Inside Round,79.25,50,Mexico,Willem,Sibborn,3962.5
dhysom8v@prweb.com,Female,Cheese - Parmesan Cubes,64.83,10,Indonesia,Dorise,Hysom,648.3
cimlin8w@independent.co.uk,Female,Currants,83.67,80,Greece,Catha,Imlin,6693.6
bgudgin8x@storify.com,Female,Water - San Pellegrino,95.58,31,Indonesia,Berti,Gudgin,2962.98
woleksiak8y@elpais.com,Male,Chocolate - Dark Callets,34.76,4,Nigeria,Wesley,Oleksiak,139.04
tclemon8z@wikia.com,Male,Hog / Sausage Casing - Pork,21.52,41,China,Tailor,Clemon,882.3199999999999
bcristofol90@ca.gov,Male,"Wine - White, Ej Gallo",3.95,47,China,Burch,Cristofol,185.65
mmarron91@cyberchimps.com,Female,Greens Mustard,94.02,28,Netherlands,Matty,Marron,2632.56
bwattins92@hibu.com,Male,Scallops - 10/20,86.26,87,Nigeria,Bax,Wattins,7504.620000000001
mtrulock93@lycos.com,Male,"Wine - Red, Marechal Foch",88.5,91,Argentina,Marius,Trulock,8053.5
cfurmedge94@gmpg.org,Male,Pear - Halves,17.6,37,Slovenia,Correy,Furmedge,651.2
hblanshard95@pcworld.com,Male,Lettuce - Boston Bib - Organic,17.2,83,France,Hermy,Blanshard,1427.6
rcromleholme96@4shared.com,Female,Appetizer - Chicken Satay,93.9,64,Indonesia,Raquela,Cromleholme,6009.6
csaltsberger97@ucoz.com,Male,Energy Drink - Franks Pineapple,30.95,44,Bolivia,Cyrill,Saltsberger,1361.8
askerrett98@sbwire.com,Female,Taro Root,51.79,48,China,Ashly,Skerrett,2485.92
mclink99@ehow.com,Female,Chicken - Leg / Back Attach,11.83,31,Indonesia,Morissa,Clink,366.73
tcaines9a@moonfruit.com,Female,Bagel - Sesame Seed Presliced,55.25,59,Tanzania,Trenna,Caines,3259.75
dszymaniak9b@lulu.com,Male,Wanton Wrap,62.2,65,Philippines,Donovan,Szymaniak,4043.0
tferronier9c@myspace.com,Female,"Jam - Raspberry,jar",13.24,76,China,Theressa,Ferronier,1006.24
jhavik9d@slate.com,Male,Mince Meat - Filling,65.87,58,Nicaragua,Jeremie,Havik,3820.46
iholehouse9e@mac.com,Male,"Vermacelli - Sprinkles, Assorted",64.7,78,Greece,Isidore,Holehouse,5046.6
lkleynermans9f@squidoo.com,Female,Steampan - Lid For Half Size,41.52,100,China,Leyla,Kleynermans,4152.0
ndurtnell9g@pen.io,Female,Chicken Thigh - Bone Out,53.55,22,Brazil,Natalina,Durtnell,1178.1
rstannis9h@sakura.ne.jp,Male,Lemon Pepper,53.61,50,China,Reube,Stannis,2680.5
rebben9i@nytimes.com,Female,"Appetizer - Spring Roll, Veg",63.53,83,United States,Rita,Ebben,5272.99
wmorrilly9j@t-online.de,Female,Potatoes - Idaho 80 Count,75.56,3,Thailand,Wylma,Morrilly,226.68
ebartel9l@shutterfly.com,Male,Wine - German Riesling,4.91,78,Moldova,Evelin,Bartel,382.98
mstreeting9m@google.nl,Female,Containter - 3oz Microwave Rect.,73.49,2,China,Marris,Streeting,146.98
wsexton9n@exblog.jp,Female,Sugar - Individual Portions,71.28,54,Macedonia,Wanda,Sexton,3849.12
notridge9o@rediff.com,Female,"Crab - Claws, Snow 16 - 24",43.07,34,Norway,Nicolina,Otridge,1464.38
fbuckland9p@businessweek.com,Male,Eel Fresh,88.07,93,United States,Fields,Buckland,8190.509999999999
jlorentz9q@hhs.gov,Male,Table Cloth 120 Round White,77.83,90,Sweden,Jethro,Lorentz,7004.7
mkernar9r@skype.com,Female,Table Cloth 53x53 White,8.33,40,Vietnam,Morgan,Kernar,333.2
clackham9s@princeton.edu,Male,"Pasta - Canelloni, Single Serve",27.51,78,China,Chucho,Lackham,2145.78
rbohlin9t@admin.ch,Female,Wine - Toasted Head,76.7,32,Indonesia,Rubi,Bohlin,2454.4
mlaffling9u@ifeng.com,Male,Rice - 7 Grain Blend,52.24,83,Russia,Marc,Laffling,4335.92
hporter9v@homestead.com,Male,Pumpkin,40.74,96,Mexico,Haily,Porter,3911.04
cmcgrey9w@soundcloud.com,Male,Jolt Cola - Electric Blue,68.04,2,Argentina,Car,McGrey,136.08
astory9x@cyberchimps.com,Male,"Ham - Smoked, Bone - In",32.18,47,Sweden,Alford,Story,1512.46
xevreux9y@arizona.edu,Female,Cookie Dough - Oatmeal Rasin,83.79,81,Indonesia,Xylia,Evreux,6786.990000000001
kmulholland9z@domainmarket.com,Female,Puree - Mocha,2.56,71,Greece,Kristan,Mulholland,181.76
edarvillea0@networkadvertising.org,Female,Bar Bran Honey Nut,53.56,94,Slovenia,Ester,Darville,5034.64
blea1@friendfeed.com,Male,Carbonated Water - Peach,94.3,72,Indonesia,Butch,Le,6789.599999999999
edea2@businesswire.com,Male,Crackers - Water,43.59,6,China,Earl,De,261.54
gculwena3@photobucket.com,Male,"Wine - White, Antinore Orvieto",28.62,67,Egypt,Garrick,Culwen,1917.54
lvernea4@hud.gov,Female,Bread Base - Italian,98.41,44,China,La,verne,4330.04
sminerdoa5@sina.com.cn,Female,Chip - Potato Dill Pickle,89.25,60,Philippines,Suki,Minerdo,5355.0
lwhenmana6@yelp.com,Female,Soup - French Onion,10.78,58,Iran,Lani,Whenman,625.24
gmoutha7@chicagotribune.com,Male,Sugar - Splenda Sweetener,54.62,85,Albania,Gordan,Mouth,4642.7
sdea9@ustream.tv,Female,Truffle Shells - White Chocolate,99.39,30,Indonesia,Sephira,De,2981.7
kbesseyaa@java.com,Male,Lamb Shoulder Boneless Nz,99.94,45,Indonesia,Krishna,Bessey,4497.3
hmilksopab@telegraph.co.uk,Male,"Chicken - Wings, Tip Off",88.17,67,Poland,Harlin,Milksop,5907.39
cdead@ovh.net,Male,Gatorade - Lemon Lime,51.0,41,China,Chariot,de,2091.0
rdavydochkinae@businessinsider.com,Male,Trueblue - Blueberry Cranberry,29.05,49,Poland,Romain,Davydochkin,1423.45
dlurcockaf@tuttocitta.it,Female,"Crab - Claws, Snow 16 - 24",62.78,30,Portugal,Dominica,Lurcock,1883.4
falsobrookag@hud.gov,Male,Wine - Penfolds Koonuga Hill,21.65,20,Colombia,Flynn,Alsobrook,433.0
ttregunnaai@spotify.com,Male,Garlic Powder,95.77,45,Czech Republic,Terrence,Tregunna,4309.65
bkynochaj@jigsy.com,Male,"Squash - Pattypan, Yellow",76.03,50,Brazil,Bald,Kynoch,3801.5
wwarrenderak@w3.org,Male,Veal - Ground,6.07,50,Indonesia,Woody,Warrender,303.5
lclausiusal@blogger.com,Male,Soupcontfoam16oz 116con,74.99,9,China,Lisle,Clausius,674.91
phaylandsan@nba.com,Male,Liners - Baking Cups,98.56,72,Russia,Prince,Haylands,7096.32
aleganao@flickr.com,Male,Swiss Chard,62.9,11,Indonesia,Antons,Legan,691.9
cnisbithap@godaddy.com,Male,Flower - Potmums,37.14,75,Indonesia,Curr,Nisbith,2785.5
cratteryaq@tiny.cc,Male,Cake - Box Window 10x10x2.5,61.33,39,Nigeria,Clemente,Rattery,2391.87
ashardar@jugem.jp,Female,"Lamb - Whole, Frozen",88.72,60,Poland,Aurilia,Shard,5323.2
dberceveloas@digg.com,Male,Bouillion - Fish,26.06,56,Japan,Darb,Bercevelo,1459.36
rreddat@wordpress.org,Male,Sauce - Hollandaise,81.56,4,China,Ronny,Redd,326.24
sriddifordau@soup.io,Female,Glass - Juice Clear 5oz 55005,20.29,18,Netherlands,Shalna,Riddiford,365.21999999999997
maldissav@sina.com.cn,Female,Soup - Campbells Asian Noodle,29.16,65,Mexico,Marilyn,Aldiss,1895.4
ajardeinaw@paginegialle.it,Male,Appetizer - Assorted Box,14.28,6,Indonesia,Alexio,Jardein,85.67999999999999
yfluinax@lycos.com,Male,"Soup - Campbells, Spinach Crm",52.49,60,Russia,Yurik,Fluin,3149.4
lhastewellay@barnesandnoble.com,Female,Mayonnaise,31.93,40,Slovenia,Leelah,Hastewell,1277.2
aguideraaz@taobao.com,Female,Soup Knorr Chili With Beans,67.64,48,United States,Almeda,Guidera,3246.7200000000003
pbarnhartb0@stumbleupon.com,Male,Sponge Cake Mix - Chocolate,71.57,59,France,Packston,Barnhart,4222.629999999999
svonb1@ca.gov,Male,Beer - True North Lager,34.75,54,Vietnam,Stanly,von,1876.5
zbottrillb2@sakura.ne.jp,Male,Crush - Cream Soda,18.31,28,Japan,Zacharia,Bottrill,512.68
jbolanb3@ebay.co.uk,Female,Beer - Moosehead,60.52,67,Uganda,Juliette,Bolan,4054.84
spindellb4@soundcloud.com,Male,Juice - Orangina,96.16,46,Micronesia,Syd,Pindell,4423.36
pstorrorb5@about.com,Female,Wine - Soave Folonari,4.96,51,Indonesia,Portia,Storror,252.96
psothamb6@wikispaces.com,Male,Cheese - Pont Couvert,41.6,35,Ukraine,Pablo,Sotham,1456.0
rhlavecekb7@sourceforge.net,Male,Mustard - Individual Pkg,96.13,54,Philippines,Rodd,Hlavecek,5191.0199999999995
hgotmannb8@wordpress.com,Male,Coffee - Almond Amaretto,74.84,90,Equatorial Guinea,Haze,Gotmann,6735.6
yswinnb9@ftc.gov,Male,Sobe - Lizard Fuel,83.53,40,Philippines,Yulma,Swinn,3341.2
nscrowsonba@instagram.com,Male,Fish - Bones,50.82,72,Indonesia,Nev,Scrowson,3659.04
rmullengerbb@tmall.com,Male,Shallots,14.78,7,Japan,Roy,Mullenger,103.46
mstoakesbc@businesswire.com,Female,Creme De Menthe Green,21.69,25,Mexico,Maybelle,Stoakes,542.25
opaolettobd@etsy.com,Female,"Beef - Chuck, Boneless",18.3,57,China,Odelinda,Paoletto,1043.1000000000001
bchoupinbe@xrea.com,Male,"Doilies - 7, Paper",95.24,67,Russia,Barnaby,Choupin,6381.08
deastopebf@php.net,Male,Sole - Iqf,19.43,42,China,Derby,Eastope,816.06
emcettrickbg@github.io,Male,Wine - Barbera Alba Doc 2001,12.25,27,United States,Edik,Mcettrick,330.75
slegravebh@a8.net,Male,"Water - Spring Water, 355 Ml",2.06,3,Indonesia,Sylas,Legrave,6.18
twraxallbi@patch.com,Male,Barley - Pearl,20.52,69,Indonesia,Teador,Wraxall,1415.8799999999999
gtominibj@flickr.com,Male,Gatorade - Cool Blue Raspberry,31.68,92,Poland,Giffard,Tomini,2914.56
lstennetbk@springer.com,Female,Chocolate - White,13.84,93,Canada,Leola,Stennet,1287.12
dsparwellbl@t.co,Female,Olives - Kalamata,64.5,87,Bosnia and Herzegovina,Daffi,Sparwell,5611.5
geldershawbm@sohu.com,Male,Chicken Breast Halal,12.37,64,Canada,Guy,Eldershaw,791.68
odebn@mlb.com,Male,Energy - Boo - Koo,71.39,23,China,Owen,De,1641.97
jbridgettbo@mediafire.com,Female,Veal Inside - Provimi,26.29,38,Uzbekistan,Juliann,Bridgett,999.02
twyebp@i2i.jp,Male,Contreau,36.89,46,China,Tarrance,Wye,1696.94
rgarriebq@t.co,Female,Gherkin - Sour,76.53,43,Brazil,Rebekah,Garrie,3290.79
blamertonbs@yahoo.com,Female,Oil - Grapeseed Oil,64.66,83,Indonesia,Bunnie,Lamerton,5366.78
aconrardbt@hp.com,Female,Munchies Honey Sweet Trail Mix,53.04,26,Brazil,Anett,Conrard,1379.04
einmanbu@amazonaws.com,Female,Pork - Backs - Boneless,65.42,28,China,Erda,Inman,1831.76
cdebv@cnn.com,Female,"Napkin - Dinner, White",5.7,4,Greece,Corry,De,22.8
bcockellbw@ucla.edu,Female,Nori Sea Weed,28.37,57,Brazil,Beitris,Cockell,1617.0900000000001
rquarmbybx@icio.us,Male,Longos - Cheese Tortellini,7.19,73,Russia,Randal,Quarmby,524.87
jcookeby@wp.com,Male,Bread - French Stick,64.42,74,Ecuador,Jordan,Cooke,4767.08
rflatleybz@ustream.tv,Male,Wine - George Duboeuf Rose,24.21,26,Iran,Rhett,Flatley,629.46
cyelyashevc0@tiny.cc,Male,Peach - Fresh,21.08,69,Poland,Caryl,Yelyashev,1454.52
cpaulleyc1@multiply.com,Female,Bread Sour Rolls,53.06,9,Poland,Claresta,Paulley,477.54
pdomengetc2@myspace.com,Female,Noodles - Steamed Chow Mein,15.92,85,Egypt,Phyllida,Domenget,1353.2
rdranec3@de.vu,Male,Gooseberry,52.84,45,France,Raimundo,Drane,2377.8
vgarfieldc4@ycombinator.com,Male,Foam Espresso Cup Plain White,50.69,40,Philippines,Valle,Garfield,2027.6
jetherseyc5@nba.com,Female,Banana - Green,90.33,2,Brazil,Jorrie,Ethersey,180.66
dstaffordc6@w3.org,Female,Rambutan,19.67,77,China,Daphene,Stafford,1514.5900000000001
ebenedickc9@indiegogo.com,Male,Apple - Fuji,39.03,82,China,Emerson,Benedick,3200.46
cbaldoccica@eepurl.com,Male,Plastic Arrow Stir Stick,10.51,3,Gabon,Cart,Baldocci,31.53
chousbiecb@soundcloud.com,Male,Table Cloth - 53x69 Colour,13.6,50,Honduras,Clive,Housbie,680.0
gtraverscc@vimeo.com,Female,Ketchup - Tomato,62.55,40,Philippines,Gaye,Travers,2502.0
lfidellcd@com.com,Female,Sproutsmustard Cress,94.31,91,Indonesia,Layne,Fidell,8582.210000000001
frudlandcf@usatoday.com,Male,Urban Zen Drinks,72.92,93,Czech Republic,Friedrick,Rudland,6781.56
calduscg@sciencedirect.com,Male,Scampi Tail,91.49,16,Philippines,Carlin,Aldus,1463.84
kbarkusch@npr.org,Male,Kellogs Special K Cereal,98.06,44,Indonesia,Karl,Barkus,4314.64
pwardhawci@mlb.com,Male,Asparagus - Frozen,10.26,13,Cameroon,Piotr,Wardhaw,133.38
glinsleyck@usa.gov,Female,Nantucket Orange Juice,74.74,91,Poland,Goldi,Linsley,6801.339999999999
jpriestcn@cnet.com,Female,Scallops - In Shell,85.39,72,Poland,Juliane,Priest,6148.08
pparadesco@hibu.com,Female,Snapple Lemon Tea,65.27,40,Czech Republic,Philippa,Parades,2610.7999999999997
hplowrightcp@bloomberg.com,Female,Puree - Raspberry,1.58,76,China,Hildegarde,Plowright,120.08000000000001
ahumbercq@yelp.com,Male,Lettuce - Boston Bib - Organic,57.85,79,Brazil,Ambrosi,Humber,4570.150000000001
sabbattcr@etsy.com,Male,Wine - Stoneliegh Sauvignon,6.06,96,Mexico,Sonny,Abbatt,581.76
dsamwellcs@live.com,Female,Bread - Raisin Walnut Pull,52.76,62,Greece,Drona,Samwell,3271.12
fhawct@tamu.edu,Female,Nantucket Apple Juice,85.25,5,China,Faina,Haw,426.25
bnicklesscu@wix.com,Male,Nantuket Peach Orange,43.78,22,Russia,Bram,Nickless,963.1600000000001
gschulkencv@state.tx.us,Male,Vaccum Bag - 14x20,48.78,93,Peru,Gareth,Schulken,4536.54
bcrosiocw@stumbleupon.com,Male,Initation Crab Meat,18.94,55,Canada,Basilio,Crosio,1041.7
gdjakoviccx@smugmug.com,Female,Cut Wakame - Hanawakaba,92.92,58,Somalia,Glad,Djakovic,5389.36
tventhamcy@discovery.com,Female,Langers - Cranberry Cocktail,76.87,28,Indonesia,Toma,Ventham,2152.36
ndearnalycz@wix.com,Male,Beer - Fruli,25.66,84,Philippines,Noby,Dearnaly,2155.44
svernad0@printfriendly.com,Male,Wine - Sogrape Mateus Rose,24.0,9,Malawi,Sully,Verna,216.0
dprattond1@discuz.net,Male,Veal - Insides Provini,61.92,68,Canada,Danny,Pratton,4210.56
jsnedkerd2@techcrunch.com,Male,Muffin Batt - Blueberry Passion,94.61,8,China,Judah,Snedker,756.88
clindeboomd3@nsw.gov.au,Female,Appetizer - Southwestern,13.27,49,Togo,Cthrine,Lindeboom,650.23
bgiroldod4@businesswire.com,Male,Yokaline,12.18,11,Philippines,Burty,Giroldo,133.98
rlagadud6@people.com.cn,Female,Wine - Rioja Campo Viejo,81.2,83,Argentina,Rubi,Lagadu,6739.6
lboucherd8@cnbc.com,Male,Flower - Daisies,50.32,49,China,Leroi,Boucher,2465.68
jhuged9@bloglovin.com,Female,Pumpkin,71.07,87,Indonesia,Jennie,Huge,6183.089999999999
dchatainierda@ihg.com,Male,Pasta - Angel Hair,56.78,64,Bangladesh,Dicky,Chatainier,3633.92
troelofsdc@ebay.com,Female,Taro Root,45.58,24,Portugal,Tabina,Roelofs,1093.92
bspouredd@hao123.com,Female,Coffee - Hazelnut Cream,37.95,34,China,Brande,Spoure,1290.3000000000002
bmaurode@ft.com,Male,Island Oasis - Banana Daiquiri,96.57,6,Brazil,Bengt,Mauro,579.42
cchesnutdf@networksolutions.com,Female,"Wine - Red, Cabernet Sauvignon",25.22,97,Colombia,Crin,Chesnut,2446.3399999999997
lteapedg@list-manage.com,Female,"Cup - 3.5oz, Foam",66.35,53,Philippines,Ladonna,Teape,3516.5499999999997
nmacknessdj@chronoengine.com,Male,"Schnappes - Peach, Walkers",68.41,26,China,Nicolis,Mackness,1778.6599999999999
rfilisovdk@twitpic.com,Male,Gatorade - Lemon Lime,23.28,55,Portugal,Ruben,Filisov,1280.4
bedessdl@blogger.com,Male,Sultanas,25.29,44,Russia,Buddy,Edess,1112.76
jfelthamdm@narod.ru,Male,"Beef - Rouladin, Sliced",12.18,65,Philippines,Jo,Feltham,791.6999999999999
mgerreydn@zimbio.com,Male,"Pepper - Black, Ground",33.95,58,France,Max,Gerrey,1969.1000000000001
jtrouncerdo@japanpost.jp,Male,Onions - Cippolini,85.07,61,United States,Jamill,Trouncer,5189.2699999999995
mbodocsdp@stumbleupon.com,Female,Sandwich Wrap,50.5,43,Nepal,Marget,Bodocs,2171.5
ymilsteddq@tinypic.com,Female,Coffee - Cafe Moreno,61.64,73,China,Yolande,Milsted,4499.72
tbrehaultdr@vimeo.com,Male,Ginger - Crystalized,75.86,59,Cyprus,Tome,Brehault,4475.74
epattieds@cloudflare.com,Male,Beef - Ground Lean Fresh,7.66,62,Brazil,Elvin,Pattie,474.92
chustlerdt@canalblog.com,Male,Goldschalger,27.21,72,China,Chet,Hustler,1959.1200000000001
kvassanodu@paypal.com,Male,Irish Cream - Baileys,6.5,38,China,Krishna,Vassano,247.0
dlaydeldv@furl.net,Female,Garlic,95.42,24,China,Dasi,Laydel,2290.08
ijanikowskidw@gov.uk,Female,Foil - Round Foil,31.99,86,Brazil,Iolanthe,Janikowski,2751.14
kimpeydx@phpbb.com,Male,"Turkey - Whole, Fresh",48.48,76,Philippines,Kurt,Impey,3684.4799999999996
vcuttingdy@mapquest.com,Female,Pineapple - Golden,95.47,56,Serbia,Vittoria,Cutting,5346.32
oalwelldz@123-reg.co.uk,Male,"Veal - Insides, Grains",60.18,3,Honduras,Odie,Alwell,180.54
gthomblesone0@tumblr.com,Female,Tomato Puree,7.68,56,United States,Gabie,Thombleson,430.08
wmuccie1@google.pl,Male,Beef - Prime Rib Aaa,17.32,77,Ukraine,Werner,Mucci,1333.64
fpotelle3@eventbrite.com,Female,Lemon Balm - Fresh,46.82,84,Serbia,Fiorenze,Potell,3932.88
swahnckee4@dedecms.com,Male,Grapes - Black,13.68,56,Thailand,Sigismondo,Wahncke,766.0799999999999
dpallee5@is.gd,Female,"Beef - Roasted, Cooked",68.15,55,Russia,Dalia,Palle,3748.2500000000005
bclissolde6@so-net.ne.jp,Female,Uniform Linen Charge,20.98,4,Uzbekistan,Babs,Clissold,83.92
bhebblewaitee7@de.vu,Male,Port - 74 Brights,21.5,55,China,Bert,Hebblewaite,1182.5
ktadmane8@upenn.edu,Male,"Beef - Rib Roast, Cap On",70.04,91,China,Killie,Tadman,6373.64
sdilgere9@si.edu,Female,Mushrooms - Honey,32.25,2,South Africa,Shoshanna,Dilger,64.5
cdonaldea@slashdot.org,Male,"Iced Tea - Lemon, 460 Ml",45.01,85,Indonesia,Courtnay,Donald,3825.85
cteodorskieb@sina.com.cn,Female,Wine - German Riesling,28.64,65,Philippines,Caritta,Teodorski,1861.6000000000001
mblumsonec@state.tx.us,Female,"Brocolinni - Gaylan, Chinese",76.58,95,Argentina,Magdaia,Blumson,7275.099999999999
jchopyed@simplemachines.org,Male,Dish Towel,66.66,66,Poland,Jerrome,Chopy,4399.5599999999995
cludyee@discuz.net,Female,"Wine - Red, Marechal Foch",24.01,86,Indonesia,Chandra,Ludy,2064.86
wskyppeef@japanpost.jp,Female,Oil - Coconut,45.94,37,Vietnam,Wilone,Skyppe,1699.78
blyaleg@blinklist.com,Male,"Pasta - Fusili, Dry",28.85,77,Brazil,Bartholomeo,Lyal,2221.4500000000003
bcivitilloei@sogou.com,Female,Daves Island Stinger,22.83,38,Mongolia,Beckie,Civitillo,867.54
mwarmingtonej@wp.com,Female,Pate - Peppercorn,61.24,98,Brazil,Morena,Warmington,6001.52
lolensbyek@smugmug.com,Male,Wanton Wrap,54.28,50,Croatia,Lawry,Olensby,2714.0
cyuryichevel@mit.edu,Female,Danishes - Mini Raspberry,18.25,33,Indonesia,Clarisse,Yuryichev,602.25
qdrexelem@jalbum.net,Male,Beef - Bresaola,29.26,27,New Zealand,Quintus,Drexel,790.0200000000001
sdavittien@abc.net.au,Male,"Chicken - Breast, 5 - 7 Oz",16.08,70,Vietnam,Scottie,Davitti,1125.6
rrubenseo@wix.com,Male,Soup - Campbellschix Stew,93.21,27,China,Renado,Rubens,2516.6699999999996
rianettiep@walmart.com,Female,"Bar Mix - Pina Colada, 355 Ml",93.86,38,Sierra Leone,Rickie,Ianetti,3566.68
murreyer@fastcompany.com,Male,Tomatoes - Hot House,2.22,46,Russia,Mort,Urrey,102.12
vtegelleres@dyndns.org,Male,"Tarragon - Primerba, Paste",18.33,91,China,Virgilio,Tegeller,1668.0299999999997
bbarszczewskiet@engadget.com,Male,Kiwi Gold Zespri,97.02,26,France,Baillie,Barszczewski,2522.52
efulgereu@spotify.com,Male,Vol Au Vents,95.95,43,Mexico,Ernesto,Fulger,4125.85
mtrebbettev@wisc.edu,Female,Wine - Cava Aria Estate Brut,51.83,60,Czech Republic,Mame,Trebbett,3109.7999999999997
amcgonigalew@jiathis.com,Female,Leeks - Large,31.52,31,Northern Mariana Islands,Almeria,McGonigal,977.12
eivanyushkinex@smugmug.com,Female,The Pop Shoppe - Cream Soda,12.71,31,Poland,Eolanda,Ivanyushkin,394.01000000000005
hmccomiskeyey@washington.edu,Male,Muffin Mix - Raisin Bran,68.9,18,Indonesia,Homerus,McComiskey,1240.2
cmessengerez@time.com,Female,Sprouts - Alfalfa,37.15,38,China,Cari,Messenger,1411.7
cnorcrossf0@mit.edu,Male,"Soup - Knorr, Country Bean",69.05,12,Nigeria,Correy,Norcross,828.5999999999999
deckersallf1@google.cn,Female,"Nut - Hazelnut, Whole",56.2,44,Argentina,Daryl,Eckersall,2472.8
mbedbroughf2@biglobe.ne.jp,Male,"Lid - High Heat, Super Clear",82.53,89,Burkina Faso,Martie,Bedbrough,7345.17
elamplughf3@bigcartel.com,Male,Chips - Miss Vickies,15.34,17,Canada,Elwin,Lamplugh,260.78
feverleighf4@surveymonkey.com,Male,Green Scrubbie Pad H.duty,87.89,77,Russia,Franzen,Everleigh,6767.53
lcrannf5@theglobeandmail.com,Male,Chives - Fresh,51.43,71,Indonesia,Lennie,Crann,3651.53
bquembyf6@lulu.com,Male,Soup - Campbells Chili,26.84,32,Vietnam,Billie,Quemby,858.88
zdelguaf7@uiuc.edu,Female,Artichokes - Jerusalem,62.12,26,Indonesia,Zaneta,Delgua,1615.12
mblackborowf8@dropbox.com,Male,Spice - Chili Powder Mexican,81.9,70,Colombia,Milton,Blackborow,5733.0
dladsonf9@pen.io,Male,"Wine - Sherry Dry Sack, William",4.98,87,Guinea-Bissau,Dex,Ladson,433.26000000000005
jguiotfa@spotify.com,Female,Chicken - Leg / Back Attach,96.28,61,Philippines,Jobina,Guiot,5873.08
ajanikowskifb@nba.com,Female,French Pastry - Mini Chocolate,48.37,63,China,Athena,Janikowski,3047.31
lbockhfc@techcrunch.com,Female,Rice - Basmati,12.16,10,Indonesia,Lilly,Bockh,121.6
dateggartfe@cam.ac.uk,Female,Tarts Assorted,1.91,53,Egypt,Denys,Ateggart,101.22999999999999
cvairowff@addtoany.com,Female,Wine - Manischewitz Concord,23.1,38,China,Christean,Vairow,877.8000000000001
rbrobynfg@posterous.com,Male,Dried Cranberries,85.94,71,Portugal,Reid,Brobyn,6101.74
pbirchnerfh@ted.com,Male,"Tortillas - Flour, 8",64.68,72,China,Percival,Birchner,4656.960000000001
ccameratifi@springer.com,Female,Wine - Ej Gallo Sierra Valley,76.38,60,Russia,Charita,Camerati,4582.799999999999
lemmfj@geocities.jp,Female,Cheese - Cream Cheese,55.62,48,Sweden,Licha,Emm,2669.7599999999998
dstannettfk@imageshack.us,Female,"Lamb - Loin, Trimmed, Boneless",5.38,10,Syria,Diane,Stannett,53.8
bbrindedfl@foxnews.com,Female,"Pasta - Rotini, Colour, Dry",41.6,84,Botswana,Bonnibelle,Brinded,3494.4
rcotterillfm@list-manage.com,Male,Pork - Smoked Kassler,7.61,55,United Kingdom,Rupert,Cotterill,418.55
wbottrillfn@webeden.co.uk,Male,Chicken - Livers,72.15,90,China,Wilfred,Bottrill,6493.500000000001
aaudleyfo@people.com.cn,Female,Cookie Double Choco,97.95,64,France,Amalita,Audley,6268.8
iaronovfp@dailymail.co.uk,Male,Irish Cream - Butterscotch,18.59,28,China,Izak,Aronov,520.52
vadenetfq@baidu.com,Female,Tea - Herbal Orange Spice,43.08,95,China,Vivianne,Adenet,4092.6
kfirlefs@elegantthemes.com,Male,"Oregano - Dry, Rubbed",30.49,32,China,Kevon,Firle,975.68
heddicottft@cnet.com,Male,"Cheese - Boursin, Garlic / Herbs",10.23,38,Indonesia,Hailey,Eddicott,388.74
memberyfu@netscape.com,Female,Pate - Liver,52.08,77,Colombia,Milicent,Embery,4010.16
dhartshornefv@blogspot.com,Female,Laundry - Bag Cloth,69.24,34,Brazil,Dita,Hartshorne,2354.16
emaccorkellfw@yale.edu,Female,Cherries - Frozen,96.81,85,Netherlands,Erinn,MacCorkell,8228.85
amalekfx@discuz.net,Male,"Cake Circle, Foil, Scallop",21.73,31,Macedonia,Ado,Malek,673.63
mjebbfy@auda.org.au,Female,Cabbage - Nappa,21.7,30,Greece,Mildrid,Jebb,651.0
tsheatherfz@time.com,Female,Ice Cream Bar - Hageen Daz To,12.79,24,Indonesia,Tiffy,Sheather,306.96
ibradburneg1@behance.net,Male,Pepper Squash,19.85,23,Brazil,Ingmar,Bradburne,456.55
nriedelg2@nps.gov,Male,Wine - Maipo Valle Cabernet,78.89,87,Portugal,Norman,Riedel,6863.43
bsutliffg3@bigcartel.com,Female,Corn - On The Cob,21.94,10,Zambia,Bethena,Sutliff,219.4
aginglellg4@ucla.edu,Male,"Lettuce - Romaine, Heart",98.17,74,Colombia,Antony,Ginglell,7264.58
ghriinchenkog5@who.int,Male,Wine - Alsace Gewurztraminer,90.18,75,Chile,Gil,Hriinchenko,6763.500000000001
ogenickeg6@home.pl,Female,Dip - Tapenade,49.53,5,Ukraine,Onida,Genicke,247.65
odellentyg8@independent.co.uk,Male,Steampan - Lid For Half Size,80.11,46,Indonesia,Ole,Dellenty,3685.06
lkinching9@reuters.com,Male,"Shrimp - Baby, Warm Water",68.4,86,United States,Lawrence,Kinchin,5882.400000000001
fhavockga@mit.edu,Female,Wine - Chateauneuf Du Pape,95.13,15,Portugal,Fanya,Havock,1426.9499999999998
mloyntongb@domainmarket.com,Female,Lobster - Base,79.51,4,Angola,Merry,Loynton,318.04
agirodgc@mit.edu,Male,Arrowroot,39.59,22,Russia,Alonso,Girod,870.98
smacvaghgd@adobe.com,Female,Slt - Individual Portions,47.66,39,Philippines,Shirley,MacVagh,1858.7399999999998
methridgegf@symantec.com,Male,Wine - Jackson Triggs Okonagan,11.78,69,Australia,Maison,Ethridge,812.8199999999999
hphinngh@xrea.com,Male,Milk - 1%,8.35,8,Zambia,Hillel,Phinn,66.8
rnewcombegi@blogs.com,Male,"Pasta - Elbows, Macaroni, Dry",3.22,52,Colombia,Reagen,Newcombe,167.44
wbrashiergj@shareasale.com,Male,Cloves - Whole,7.09,28,Peru,Willi,Brashier,198.51999999999998
pwhodcoatgk@wsj.com,Female,Guava,61.69,58,Indonesia,Penelope,Whodcoat,3578.02
byakunkingl@wikispaces.com,Male,Scallop - St. Jaques,49.6,82,China,Barrett,Yakunkin,4067.2000000000003
mlansleygn@redcross.org,Male,Dragon Fruit,97.92,65,Colombia,Malvin,Lansley,6364.8
rswitlandgo@bloglovin.com,Female,Chocolate Liqueur - Godet White,32.78,9,Belarus,Roxane,Switland,295.02
gbuttrumgp@sciencedirect.com,Male,Sugar Thermometer,63.18,15,Uruguay,Garry,Buttrum,947.7
cleindeckergq@hatena.ne.jp,Female,Triple Sec - Mcguinness,40.82,38,Philippines,Cori,Leindecker,1551.16
ccubbongr@is.gd,Female,"Stock - Veal, White",22.68,10,Indonesia,Chad,Cubbon,226.8
azaczekgs@furl.net,Male,Beef - Eye Of Round,32.21,13,China,Alvis,Zaczek,418.73
afolliottgt@gravatar.com,Female,"Pork - Back, Long Cut, Boneless",78.28,53,China,Annadiana,Folliott,4148.84
rcatogu@auda.org.au,Male,Vinegar - White,8.9,63,Iran,Rog,Cato,560.7
emcfaydengv@google.ru,Female,Pork - Belly Fresh,54.16,16,Japan,Eran,McFayden,866.56
pbullickgw@economist.com,Male,Pork - Side Ribs,7.06,97,Belarus,Prent,Bullick,684.8199999999999
tlandisgx@storify.com,Male,Lettuce - Curly Endive,59.44,71,Philippines,Tremain,Landis,4220.24
erozegy@shutterfly.com,Male,Wine - Maipo Valle Cabernet,45.0,87,China,Eugenio,Roze,3915.0
vdissmangz@sitemeter.com,Female,Shallots,13.09,31,Colombia,Vi,Dissman,405.79
rlawryh0@miibeian.gov.cn,Female,Salmon Steak - Cohoe 6 Oz,49.54,26,Portugal,Robbin,Lawry,1288.04
mgregolih1@sourceforge.net,Male,Arizona - Green Tea,82.78,43,Finland,Maurizio,Gregoli,3559.54
mwhanstallh2@chronoengine.com,Male,Sage Derby,78.66,23,Japan,Meredith,Whanstall,1809.1799999999998
ggoffeh3@japanpost.jp,Male,Cake - Pancake,34.86,73,Peru,Gris,Goffe,2544.7799999999997
srabbeth4@hc360.com,Female,Soup Campbells - Tomato Bisque,80.77,62,Brazil,Saree,Rabbet,5007.74
mlutonh5@edublogs.org,Female,"Flour - Bran, Red",96.42,67,France,Maridel,Luton,6460.14
idullinghamh7@yellowbook.com,Male,Lemons,71.67,75,Comoros,Ingelbert,Dullingham,5375.25
mhamlyh8@shareasale.com,Male,Pate - Peppercorn,19.95,74,Greece,Meredith,Hamly,1476.3
bclawha@opera.com,Male,Sauce - Fish 25 Ozf Bottle,76.28,66,Bahamas,Barnabe,Claw,5034.4800000000005
rblandamerehb@nbcnews.com,Male,Strawberries,98.93,98,Israel,Raff,Blandamere,9695.140000000001
asynanhc@163.com,Male,Wine - Niagara Peninsula Vqa,51.35,40,Russia,Antonino,Synan,2054.0
kacremanhd@imdb.com,Male,Juice - Happy Planet,57.2,31,United States,Kean,Acreman,1773.2
smeekinhe@bluehost.com,Female,Wine - Champagne Brut Veuve,54.14,21,New Zealand,Sharity,Meekin,1136.94
mantuonihf@skyrock.com,Male,Beets - Pickled,67.04,73,China,Merwin,Antuoni,4893.92
sgreatbachhh@google.it,Female,Wine - Chablis J Moreau Et Fils,99.14,88,Canada,Sheri,Greatbach,8724.32
bstillyhi@homestead.com,Male,Muffin Batt - Choc Chk,74.19,41,Venezuela,Barri,Stilly,3041.79
enortonhj@examiner.com,Male,Pork - Hock And Feet Attached,19.47,49,Canada,Elvin,Norton,954.03
rmccurtainhk@arizona.edu,Female,Nori Sea Weed - Gold Label,79.3,54,United States,Rachelle,McCurtain,4282.2
bdrowsfieldhl@twitter.com,Male,"Sauce - Soya, Dark",67.21,23,Moldova,Bartholomeo,Drowsfield,1545.83
dpepineauxhm@webmd.com,Female,Salt - Seasoned,61.19,91,China,Dulcia,Pepineaux,5568.29
asandesonhn@addtoany.com,Male,Apples - Sliced / Wedge,75.13,22,Argentina,Aloysius,Sandeson,1652.86
aolijveho@zimbio.com,Male,Veal - Striploin,91.42,40,Indonesia,Angel,Olijve,3656.8
lbizleyhp@amazonaws.com,Male,"Wine - Red, Cabernet Sauvignon",15.5,45,United States,Laurence,Bizley,697.5
rhallumshq@digg.com,Female,Mousse - Passion Fruit,52.87,69,Cuba,Robinet,Hallums,3648.0299999999997
mtabardhr@gravatar.com,Female,Jam - Apricot,38.7,63,China,Morganica,Tabard,2438.1000000000004
tfergiehs@microsoft.com,Male,Figs,13.41,99,Russia,Tomas,Fergie,1327.59
sgendrichht@zimbio.com,Male,"Lamb - Leg, Diced",81.36,94,Indonesia,Sutton,Gendrich,7647.84
ktearlehu@princeton.edu,Female,Beer - Maudite,10.43,90,Poland,Kattie,Tearle,938.6999999999999
gwildinhv@google.pl,Female,"Soup - Knorr, Classic Can. Chili",18.28,55,Bosnia and Herzegovina,Grata,Wildin,1005.4000000000001
mfenimorehx@constantcontact.com,Female,Pastry - Butterscotch Baked,25.88,82,Indonesia,Miguelita,Fenimore,2122.16
ajacquemardhy@diigo.com,Female,"Vodka - Lemon, Absolut",56.2,59,Indonesia,Aaren,Jacquemard,3315.8
joffinhz@webs.com,Male,Munchies Honey Sweet Trail Mix,45.45,9,Indonesia,Jared,Offin,409.05
bmoulei0@usa.gov,Female,Stainless Steel Cleaner Vision,96.53,47,Argentina,Bernardina,Moule,4536.91
gbobaschi1@apple.com,Female,Cranberry Foccacia,22.98,8,Brazil,Gerrie,Bobasch,183.84
mellini2@smugmug.com,Female,Wine - Spumante Bambino White,62.97,93,Czech Republic,Myrtle,Ellin,5856.21
dfayermani3@oakley.com,Female,"Nut - Hazelnut, Whole",96.75,37,Philippines,Daisey,Fayerman,3579.75
emartineci4@biblegateway.com,Female,Creme De Menthe Green,88.05,76,Ukraine,Emilee,Martinec,6691.8
rdetoilei5@amazon.co.jp,Female,Contreau,82.1,23,Indonesia,Roseline,Detoile,1888.3
klissendeni6@nih.gov,Female,Muffin Mix - Chocolate Chip,73.44,48,United States,Karrah,Lissenden,3525.12
kthori7@zdnet.com,Female,Chicken - Whole Roasting,23.55,60,France,Karina,Thor,1413.0
sgellyi8@zimbio.com,Female,Plastic Arrow Stir Stick,32.54,62,Belarus,Shannon,Gelly,2017.48
rguntoni9@indiatimes.com,Female,Cheese - Valancey,48.2,82,Nigeria,Rosemarie,Gunton,3952.4
gmckellenib@sogou.com,Male,"Sauce - Apple, Unsweetened",54.51,24,Russia,Giustino,McKellen,1308.24
oheinshie@msu.edu,Male,Sauce - Fish 25 Ozf Bottle,28.44,4,Denmark,Ogden,Heinsh,113.76
cbrunsdonif@eventbrite.com,Female,Capicola - Hot,9.7,85,Philippines,Carola,Brunsdon,824.4999999999999
hyukhnovig@marketwatch.com,Male,"Pasta - Fettuccine, Egg, Fresh",96.41,34,China,Hobard,Yukhnov,3277.94
gpealingih@indiatimes.com,Male,Wine - Toasted Head,4.08,95,Israel,Godfree,Pealing,387.6
gakessii@amazon.de,Male,Wonton Wrappers,34.52,53,Russia,Gran,Akess,1829.5600000000002
opirriik@miibeian.gov.cn,Female,"Jam - Raspberry,jar",28.39,35,China,Orelee,Pirri,993.65
jshapiroil@army.mil,Male,Pimento - Canned,19.27,39,China,Jakob,Shapiro,751.53
jdein@hexun.com,Female,Yoghurt Tubes,99.16,46,Syria,Juanita,De,4561.36
traoulio@wikia.com,Male,Duck - Whole,7.17,98,China,Terrence,Raoul,702.66
kmatuszinskiip@taobao.com,Male,Skirt - 24 Foot,88.78,99,Thailand,Kearney,Matuszinski,8789.22
raspitaliq@usnews.com,Male,"Extract - Vanilla,artificial",5.17,19,Thailand,Roddy,Aspital,98.23
scordaroyir@taobao.com,Male,Cornish Hen,31.18,67,Sweden,Sanford,Cordaroy,2089.06
bberris@npr.org,Female,"Pork - Back, Short Cut, Boneless",40.25,64,Portugal,Brenna,Berr,2576.0
nkirkbrideit@buzzfeed.com,Female,Sherry - Dry,58.48,61,Poland,Nedda,Kirkbride,3567.2799999999997
janniu@time.com,Female,Pastry - Lemon Danish - Mini,16.32,73,China,Jo,ann,1191.3600000000001
rtomaszkiewicziv@lycos.com,Female,Wine - Sake,44.13,3,Colombia,Reggie,Tomaszkiewicz,132.39000000000001
smachinix@dailymail.co.uk,Female,"Water - Mineral, Carbonated",81.37,35,Poland,Salaidh,Machin,2847.9500000000003
sperrelleiy@taobao.com,Male,Sour Puss Raspberry,67.29,25,Norway,Sigvard,Perrelle,1682.2500000000002
hblaschekiz@hao123.com,Male,Cake - Cheese Cake 9 Inch,96.62,59,Netherlands,Hallsy,Blaschek,5700.58
orubenj0@youtu.be,Female,Duck - Fat,93.75,18,Russia,Odele,Ruben,1687.5
nsurteesj1@howstuffworks.com,Female,Sobe - Green Tea,49.07,5,Philippines,Nora,Surtees,245.35
rsandwichj2@sciencedaily.com,Male,Langers - Ruby Red Grapfruit,59.15,22,China,Ronald,Sandwich,1301.3
elacknorj4@newyorker.com,Female,Sausage - Liver,80.23,87,New Zealand,Enriqueta,Lacknor,6980.01
jlaidlowj5@quantcast.com,Female,Nantucket - Pomegranate Pear,21.93,43,Russia,Juline,Laidlow,942.99
hcraykerj6@microsoft.com,Male,Onions - Cooking,8.76,37,Indonesia,Hubert,Crayker,324.12
adonkersleyj8@miibeian.gov.cn,Male,Clams - Canned,91.8,57,Thailand,Aldus,Donkersley,5232.599999999999
rsturej9@intel.com,Male,Chips - Doritos,64.32,43,Eritrea,Ringo,Sture,2765.7599999999998
kricardsja@about.me,Female,Chocolate Bar - Smarties,30.49,23,Saint Helena,Kerri,Ricards,701.27
ocurranjb@behance.net,Male,Cheese - Brie Roitelet,87.19,96,Indonesia,Obadiah,Curran,8370.24
gwillcockjc@whitehouse.gov,Female,Basil - Thai,31.56,13,China,Gypsy,Willcock,410.28
mjoblinjd@altervista.org,Female,"Pasta - Lasagna, Dry",67.17,99,Portugal,Maia,Joblin,6649.83
bvanje@biblegateway.com,Male,Soup Campbells Split Pea And Ham,83.92,60,Cameroon,Brooke,Van,5035.2
mcrushjf@drupal.org,Female,Oven Mitts 17 Inch,54.18,34,Thailand,Minda,Crush,1842.12
eflearjg@seattletimes.com,Female,"Veal - Round, Eye Of",42.74,31,Russia,Elyn,Flear,1324.94
crothonjh@godaddy.com,Male,Tilapia - Fillets,74.89,83,Laos,Corrie,Rothon,6215.87
dsticklandji@imgur.com,Male,Jack Daniels,53.25,42,Nigeria,Denis,Stickland,2236.5
rforcejj@csmonitor.com,Female,"Tart Shells - Savory, 4",91.61,53,China,Rianon,Force,4855.33
lshallikerjk@hc360.com,Female,Wine - Champagne Brut Veuve,56.33,58,Bangladesh,Lindi,Shalliker,3267.14
mmacgraithjm@telegraph.co.uk,Female,Wine - Clavet Saint Emilion,70.33,67,Japan,Marnie,MacGraith,4712.11
ahalversenjo@stanford.edu,Female,Bread - Pain Au Liat X12,59.09,54,Colombia,Aeriela,Halversen,3190.86
furridgejp@netscape.com,Female,Puree - Strawberry,25.7,12,Panama,Farrand,Urridge,308.4
ndythamjr@walmart.com,Male,Zucchini - Yellow,70.84,57,China,Nate,Dytham,4037.88
dgibberdjs@upenn.edu,Female,Amaretto,99.99,66,China,Dore,Gibberd,6599.339999999999
tdejt@mail.ru,Female,"Beans - Black Bean, Canned",78.86,99,Netherlands,Torie,De,7807.14
aboeckju@google.nl,Female,Corn - On The Cob,50.15,77,Palestinian Territory,Audre,Boeck,3861.5499999999997
wcomriejv@microsoft.com,Male,"Water - Mineral, Carbonated",92.12,71,Ivory Coast,Wiatt,Comrie,6540.52
ecattemulljw@icq.com,Male,Soup - Campbells Chili,26.03,48,Indonesia,Ennis,Cattemull,1249.44
fjowseyjx@delicious.com,Female,Chicken Breast Halal,28.93,54,Serbia,Fredra,Jowsey,1562.22
ldurranjy@imageshack.us,Female,Beer - Blue,88.39,43,Serbia,Lindie,Durran,3800.77
hrojelk0@hostgator.com,Male,Oil - Safflower,22.99,54,Sweden,Hanan,Rojel,1241.4599999999998
adallisonk1@surveymonkey.com,Male,Gelatine Powder,31.66,2,Portugal,Arvie,Dallison,63.32
dbaldacchinok2@youtu.be,Female,Energy Drink,87.22,43,Ukraine,Datha,Baldacchino,3750.46
abosherk4@addthis.com,Female,Chinese Foods - Plain Fried Rice,21.9,38,Sweden,Appolonia,Bosher,832.1999999999999
aadenetk5@cnn.com,Female,"Wine - Red, Wolf Blass, Yellow",18.32,92,Argentina,Alina,Adenet,1685.44
hknightk6@msn.com,Female,Arrowroot,58.59,63,Chile,Harlene,Knight,3691.17
jgrevilek7@spiegel.de,Male,Apples - Spartan,86.15,81,Indonesia,Jarid,Grevile,6978.150000000001
wcurlk9@statcounter.com,Male,Snapple Lemon Tea,6.63,87,Indonesia,Worthington,Curl,576.81
tligginska@ameblo.jp,Male,Skewers - Bamboo,88.32,68,Indonesia,Teodorico,Liggins,6005.759999999999
jdinkinkb@arstechnica.com,Female,Vinegar - Raspberry,91.67,41,Indonesia,Jessika,Dinkin,3758.4700000000003
mmatschekkc@phoca.cz,Female,Beef - Ox Tongue,55.26,1,Portugal,Missy,Matschek,55.26
ghirsthouseke@paypal.com,Male,Bread - Raisin Walnut Pull,77.36,85,China,Griffith,Hirsthouse,6575.6
ariattkg@go.com,Male,Coffee Cup 16oz Foam,46.0,53,Brazil,Antonino,Riatt,2438.0
epietaschkh@aol.com,Male,Butter - Unsalted,43.45,56,Portugal,Eben,Pietasch,2433.2000000000003
ieliescoki@who.int,Female,Cheese - Roquefort Pappillon,93.03,73,Poland,Indira,Eliesco,6791.1900000000005
htorrkj@google.de,Female,Prunes - Pitted,3.64,90,Sweden,Helenelizabeth,Torr,327.6
drosbothamkk@php.net,Male,"Soup - Campbells, Cream Of",80.97,6,Indonesia,Dav,Rosbotham,485.82
gracciokl@plala.or.jp,Female,Skirt - 29 Foot,10.93,10,Japan,Godiva,Raccio,109.3
kvitlerkn@macromedia.com,Female,Wine - Jafflin Bourgongone,43.9,92,Libya,Korie,Vitler,4038.7999999999997
dpriggko@phoca.cz,Female,Steamers White,26.52,54,Netherlands,Dreddy,Prigg,1432.08
gcostikp@gov.uk,Female,Juice - Lagoon Mango,15.94,81,Canada,Glenn,Costi,1291.1399999999999
fviggarskq@printfriendly.com,Female,Red Cod Fillets - 225g,22.2,54,China,Fidelia,Viggars,1198.8
sorviskr@yolasite.com,Male,Ecolab Silver Fusion,73.65,10,Hungary,Sheffy,Orvis,736.5
osneydks@state.gov,Female,"Pasta - Cannelloni, Sheets, Fresh",11.35,15,China,Ondrea,Sneyd,170.25
kgentrickt@goodreads.com,Male,Bonito Flakes - Toku Katsuo,94.81,3,Russia,Kerwin,Gentric,284.43
opantingku@yandex.ru,Female,Wine - Trimbach Pinot Blanc,35.09,15,China,Ophelie,Panting,526.35
tthemannkv@ucla.edu,Female,Vol Au Vents,69.85,95,China,Timmi,Themann,6635.749999999999
fsteggalskw@google.com.br,Female,Burger Veggie,33.61,33,China,Florencia,Steggals,1109.1299999999999
lgrigoriankx@loc.gov,Male,Beer - Sleemans Honey Brown,42.08,67,Russia,Leeland,Grigorian,2819.3599999999997
cferrieky@vk.com,Male,"Wine - Magnotta, Merlot Sr Vqa",63.17,83,Greece,Clarance,Ferrie,5243.110000000001
drupertokz@dropbox.com,Female,"Nut - Pine Nuts, Whole",4.38,15,Peru,Devondra,Ruperto,65.7
paitkenl0@eepurl.com,Male,Buffalo - Tenderloin,83.26,28,Ireland,Phil,Aitken,2331.28
kgoresl1@behance.net,Male,Pastry - Trippleberry Muffin - Mini,95.39,73,Indonesia,Kyle,Gores,6963.47
kglentworthl2@illinois.edu,Male,"Asparagus - White, Fresh",51.86,94,Czech Republic,Kalvin,Glentworth,4874.84
emaneylawsl3@toplist.cz,Male,Tomatoes,49.7,88,Madagascar,Ellsworth,Maneylaws,4373.6
lyardyl4@apple.com,Female,Carbonated Water - White Grape,51.48,62,Thailand,Lorraine,Yardy,3191.7599999999998
nnoddingsl5@umich.edu,Male,Plate Pie Foil,61.21,20,Indonesia,Nicolas,Noddings,1224.2
tstoodl6@slashdot.org,Male,Soup - Boston Clam Chowder,31.52,28,Norway,Tann,Stood,882.56
rrawesl7@joomla.org,Female,Soup - Campbells Chili,11.13,11,Nigeria,Rania,Rawes,122.43
oplettl8@miibeian.gov.cn,Female,Turnip - Wax,30.4,22,Argentina,Orelie,Plett,668.8
csauratl9@baidu.com,Female,"Soup - Knorr, French Onion",15.57,83,Philippines,Christen,Saurat,1292.31
mheywardla@xinhuanet.com,Female,Yams,96.79,25,Poland,Modesty,Heyward,2419.75
gshyreslb@gov.uk,Male,Orange Roughy 6/8 Oz,69.37,59,Argentina,Garvin,Shyres,4092.8300000000004
khoodlasslc@com.com,Female,Longos - Lasagna Beef,19.92,4,China,Kip,Hoodlass,79.68
kfrydld@psu.edu,Female,Icecream Bar - Del Monte,3.59,66,Chad,Karen,Fryd,236.94
zbestle@berkeley.edu,Female,Soup Campbells,15.22,68,China,Zaneta,Best,1034.96
wcowperthwaitelf@pen.io,Female,Muffin Hinge - 211n,86.89,41,China,Winifred,Cowperthwaite,3562.4900000000002
hstittlelg@simplemachines.org,Male,Nantucket Cranberry Juice,74.89,98,Sweden,Hakeem,Stittle,7339.22
balduslh@prweb.com,Female,Shrimp - Prawn,96.57,15,China,Blithe,Aldus,1448.55
ksimcoxli@springer.com,Male,Muffins - Assorted,91.05,28,China,Kort,Simcox,2549.4
tsaylorlj@sourceforge.net,Male,Potatoes - Parissienne,84.25,14,Spain,Thane,Saylor,1179.5
cmclaughlanlk@technorati.com,Male,Avocado,72.29,97,Indonesia,Carter,McLaughlan,7012.130000000001
dbodmanlm@canalblog.com,Female,Chicken Breast Wing On,69.15,19,China,Dulcia,Bodman,1313.8500000000001
gerringtonln@xinhuanet.com,Male,Soup - Campbellschix Stew,45.27,8,Czech Republic,Garek,Errington,362.16
vpleumanlo@nature.com,Male,Cilantro / Coriander - Fresh,5.08,8,Estonia,Vasilis,Pleuman,40.64
mbaudinellilp@a8.net,Female,Seaweed Green Sheets,65.2,82,Philippines,Malinda,Baudinelli,5346.400000000001
mlismorelq@geocities.jp,Female,Chocolate - Dark Callets,6.01,49,China,Mavra,Lismore,294.49
telsburylr@ted.com,Female,Soup - Base Broth Chix,12.05,94,Greece,Teddie,Elsbury,1132.7
thazlegrovels@berkeley.edu,Female,Flower - Carnations,11.99,89,Colombia,Trudy,Hazlegrove,1067.1100000000001
iberklu@netlog.com,Female,"Bread - White, Unsliced",47.04,50,Belarus,Ilene,Berk,2352.0
gskermanlv@goo.gl,Male,Oyster - In Shell,2.86,62,Honduras,Giusto,Skerman,177.32
dhousenlw@nps.gov,Female,Jameson - Irish Whiskey,73.48,8,China,Devinne,Housen,587.84
gbentsenlx@tumblr.com,Male,Ice Cream - Super Sandwich,18.55,23,Venezuela,Garry,Bentsen,426.65000000000003
hbelmontly@twitpic.com,Male,Scallops - Live In Shell,99.41,32,China,Henri,Belmont,3181.12
dpadmorelz@blog.com,Female,Jolt Cola - Red Eye,4.7,37,United States,Daveta,Padmore,173.9
cnuccitellim0@deliciousdays.com,Female,Almonds Ground Blanched,52.36,36,China,Coretta,Nuccitelli,1884.96
vaskawm2@naver.com,Female,Wine - Cabernet Sauvignon,92.07,55,South Africa,Valentia,Askaw,5063.849999999999
fmonellem3@cmu.edu,Female,Gatorade - Xfactor Berry,3.95,9,Ireland,Filippa,Monelle,35.550000000000004
dsommerliem4@hugedomains.com,Female,Piping Jelly - All Colours,26.0,76,Philippines,Dorelle,Sommerlie,1976.0
hdowtrym5@pen.io,Female,Wine - Wyndham Estate Bin 777,20.25,56,Russia,Harmony,Dowtry,1134.0
smallamm8@trellian.com,Female,Alize Red Passion,61.24,37,Philippines,Shari,Mallam,2265.88
rhobblem9@bloomberg.com,Male,"Orange - Canned, Mandarin",5.82,58,Indonesia,Rip,Hobble,337.56
jworralma@icq.com,Female,Hagen Daza - Dk Choocolate,45.15,22,Sweden,Julina,Worral,993.3
lchealemb@woothemes.com,Female,Cheese - Provolone,93.28,34,United States,Lena,Cheale,3171.52
smaciunasmc@nps.gov,Male,Ice Cream Bar - Hagen Daz,97.7,34,Niger,Sherwin,Maciunas,3321.8
bdunsmuirmd@wufoo.com,Male,Honey - Lavender,75.0,89,Indonesia,Buckie,Dunsmuir,6675.0
gmcmeekingme@odnoklassniki.ru,Female,Sprite - 355 Ml,89.24,51,Slovenia,George,McMeeking,4551.24
blanehammf@google.ru,Male,Vodka - Smirnoff,12.14,78,Indonesia,Burtie,Laneham,946.9200000000001
bcunnellmg@360.cn,Female,Celery Root,32.66,20,China,Bernete,Cunnell,653.1999999999999
nruskmh@constantcontact.com,Male,Figs,96.66,97,Russia,Nathan,Rusk,9376.02
fguillotinmi@imdb.com,Male,Chocolate - Dark,47.39,93,Philippines,Flinn,Guillotin,4407.27
jbichenermj@mozilla.org,Female,Bagel - 12 Grain Preslice,32.36,11,France,Julee,Bichener,355.96
estibbsmk@hostgator.com,Male,Curry Powder,20.6,94,Guyana,Efrem,Stibbs,1936.4
bculkinml@furl.net,Female,"Tart Shells - Sweet, 2",47.64,87,Poland,Bess,Culkin,4144.68
gtrunksmm@ft.com,Male,Mints - Striped Red,69.71,79,Ukraine,Gage,Trunks,5507.089999999999
dwinsleymn@hhs.gov,Male,Oats Large Flake,89.41,14,Philippines,Devy,Winsley,1251.74
hsouttarmo@salon.com,Male,Daikon Radish,12.42,35,Indonesia,Hervey,Souttar,434.7
acolebeckmp@goo.ne.jp,Female,Nacho Chips,97.07,50,South Africa,Ana,Colebeck,4853.5
gpaxefordmr@uiuc.edu,Male,"Liqueur Banana, Ramazzotti",62.72,37,Indonesia,Gerry,Paxeford,2320.64
jmacmillanmt@loc.gov,Female,Pastry - Chocolate Chip Muffin,75.27,36,China,Janenna,MacMillan,2709.72
amacadammu@redcross.org,Female,Pork - Side Ribs,42.31,57,China,Ailsun,MacAdam,2411.67
cposermv@jugem.jp,Female,"Artichokes - Knobless, White",99.26,82,Japan,Cami,Poser,8139.320000000001
cgowlermw@lycos.com,Female,Loquat,37.31,48,Paraguay,Carmelia,Gowler,1790.88
jtoormy@ebay.com,Female,Goat - Leg,41.11,41,Venezuela,Jelene,Toor,1685.51
msandsallanmz@studiopress.com,Female,Wine - Penfolds Koonuga Hill,79.07,99,France,Marie-jeanne,Sands-Allan,7827.929999999999
crollingsn0@cpanel.net,Female,"Lettuce - Mini Greens, Whole",81.79,90,Argentina,Corinna,Rollings,7361.1
jgillogleyn2@mtv.com,Female,Chinese Lemon Pork,64.69,98,China,Joycelin,Gillogley,6339.62
rtraiten3@squidoo.com,Female,Sherbet - Raspberry,16.6,99,Serbia,Renie,Traite,1643.4
rhalfheadn4@bloomberg.com,Male,Container Clear 8 Oz,73.92,70,China,Randolph,Halfhead,5174.400000000001
lrumbellown5@macromedia.com,Female,Sole - Iqf,95.22,68,Indonesia,Licha,Rumbellow,6474.96
rgoodanewn6@nasa.gov,Male,Trueblue - Blueberry,97.23,33,China,Rustie,Goodanew,3208.59
gkirwinn7@indiatimes.com,Female,Vector Energy Bar,71.91,71,Philippines,Giacinta,Kirwin,5105.61
xmcgeraghtyn8@networkadvertising.org,Female,"Bread - Bagels, Plain",21.23,45,Kenya,Xena,McGeraghty,955.35
phackleyn9@noaa.gov,Male,Goat - Whole Cut,47.38,62,Indonesia,Pavlov,Hackley,2937.56
cropkesna@themeforest.net,Male,"Pasta - Bauletti, Chicken White",12.85,23,Portugal,Cristian,Ropkes,295.55
tlaversnb@wordpress.org,Female,Pork Salted Bellies,96.87,100,Czech Republic,Truda,Lavers,9687.0
saskellnc@ustream.tv,Male,Peppercorns - Green,11.85,45,Morocco,Skylar,Askell,533.25
ubohjend@scribd.com,Male,Chervil - Fresh,19.16,74,Canada,Udell,Bohje,1417.84
jtimlinne@netvibes.com,Male,Beans - French,81.2,72,China,Jan,Timlin,5846.400000000001
bwellwoodnf@amazon.com,Male,Wine - Manischewitz Concord,86.51,50,Russia,Brockie,Wellwood,4325.5
adilkeng@cbsnews.com,Male,Chocolate - Semi Sweet,41.26,90,Brazil,Asa,Dilke,3713.3999999999996
nattenboroughnh@independent.co.uk,Male,Cookies - Fortune,88.05,12,Philippines,Neel,Attenborough,1056.6
rrohlfsnj@storify.com,Male,"Lemonade - Black Cherry, 591 Ml",83.63,70,Germany,Ruperto,Rohlfs,5854.099999999999
mjennemannnl@skype.com,Female,Tea Leaves - Oolong,88.01,88,Thailand,Masha,Jennemann,7744.88
naumerlenm@biblegateway.com,Female,Nougat - Paste / Cream,36.37,92,Malaysia,Nicolina,Aumerle,3346.04
ckearleynn@stumbleupon.com,Female,Veal Inside - Provimi,55.3,39,Iran,Charlean,Kearley,2156.7
btidmarshno@webeden.co.uk,Male,Clam - Cherrystone,55.48,9,South Africa,Brandon,Tidmarsh,499.32
egillionp@nydailynews.com,Female,"Pineapple - Canned, Rings",14.68,35,China,Emalia,Gillio,513.8
gkellsnq@kickstarter.com,Female,Curry Powder Madras,87.96,42,Japan,Germana,Kells,3694.3199999999997
fcuckoonr@ow.ly,Male,Maintenance Removal Charge,83.52,80,China,Feliks,Cuckoo,6681.599999999999
kdelamarns@instagram.com,Female,Squid - U 5,88.76,30,Mongolia,Kanya,Delamar,2662.8
welwoodnt@i2i.jp,Female,Mikes Hard Lemonade,43.05,49,Kenya,Winonah,Elwood,2109.45
abuckthorpnu@patch.com,Female,Wheat - Soft Kernal Of Wheat,43.24,43,Yemen,Aviva,Buckthorp,1859.3200000000002
htraslernv@nps.gov,Female,Tea - Mint,32.18,2,Poland,Heddie,Trasler,64.36
pmarmionnw@theguardian.com,Male,"Chocolate - Milk, Callets",32.35,53,Thailand,Pall,Marmion,1714.5500000000002
mlambournnx@free.fr,Female,Nantucket Cranberry Juice,63.49,46,Syria,Manda,Lambourn,2920.54
cchadbourneny@gravatar.com,Female,Paper Cocktail Umberlla 80 - 180,13.87,47,Thailand,Cariotta,Chadbourne,651.89
gschimpkenz@infoseek.co.jp,Female,Ecolab - Balanced Fusion,22.37,37,Russia,Georgeanna,Schimpke,827.69
tpavlovskyo0@columbia.edu,Female,"Soup - Knorr, Veg / Beef",55.54,24,Uruguay,Tilda,Pavlovsky,1332.96
aherreroo1@qq.com,Female,Chocolate - Compound Coating,36.54,93,Portugal,Avie,Herrero,3398.22
dpetrollio3@engadget.com,Male,Amarula Cream,38.8,95,France,Diarmid,Petrolli,3685.9999999999995
fgasperio4@myspace.com,Female,Beer - Upper Canada Lager,64.02,47,China,Fayre,Gasperi,3008.9399999999996
adoddridgeo5@lycos.com,Female,Lid - 3oz Med Rec,48.15,37,Albania,Anissa,Doddridge,1781.55
cmillbanko6@ox.ac.uk,Male,Rappini - Andy Boy,48.97,14,Japan,Colan,Millbank,685.5799999999999
lstopso7@reverbnation.com,Female,Sobe - Cranberry Grapefruit,84.61,87,Russia,Liliane,Stops,7361.07
csudddardo8@harvard.edu,Male,Chick Peas - Dried,15.58,85,Jamaica,Cobb,Sudddard,1324.3
tspooleo9@goo.gl,Male,Soup - Chicken And Wild Rice,43.92,82,Philippines,Tyson,Spoole,3601.44
cclewleyoa@a8.net,Female,Juice - Apple Cider,36.53,4,France,Chandra,Clewley,146.12
janthoneyoc@multiply.com,Female,Island Oasis - Raspberry,37.56,29,Indonesia,Jennine,Anthoney,1089.24
hdenisovood@weibo.com,Male,The Pop Shoppe - Root Beer,44.22,58,Marshall Islands,Hurleigh,Denisovo,2564.7599999999998
aalenovof@rambler.ru,Female,Veal - Insides Provini,86.82,35,Colombia,Alyssa,Alenov,3038.7
oandererog@photobucket.com,Male,Tea - Mint,7.39,99,France,Oby,Anderer,731.61
rwestmancoatoi@va.gov,Male,Jam - Raspberry,87.77,55,Indonesia,Reamonn,Westmancoat,4827.349999999999
wbryentonoj@xrea.com,Male,Wine - Alsace Gewurztraminer,59.94,89,Poland,Wallas,Bryenton,5334.66
lnunneryok@youku.com,Male,Foam Dinner Plate,55.66,26,Brazil,Lockwood,Nunnery,1447.1599999999999
oricholdol@disqus.com,Male,Everfresh Products,94.7,68,Ecuador,Olivero,Richold,6439.6
bprofitom@opensource.org,Female,Pork Casing,38.31,79,Brazil,Bambi,Profit,3026.4900000000002
swhebellon@wikimedia.org,Female,Pie Shell - 5,93.41,37,Argentina,Shanie,Whebell,3456.17
rmagrannelloo@yandex.ru,Male,"Nut - Pine Nuts, Whole",65.91,68,Indonesia,Read,Magrannell,4481.88
ldilnotop@about.com,Male,"Appetizer - Spring Roll, Veg",66.39,95,China,Lemmie,Dilnot,6307.05
hkrystekoq@delicious.com,Male,"Tomatoes - Diced, Canned",65.72,46,Indonesia,Hakim,Krystek,3023.12
gwhatleyos@arstechnica.com,Female,"Appetizer - Mini Egg Roll, Shrimp",84.76,4,Japan,Gilbertine,Whatley,339.04
mhickou@ed.gov,Male,Bread - Burger,64.18,19,Italy,Mortie,Hick,1219.42
derskineov@hexun.com,Male,English Muffin,95.17,61,Haiti,Der,Erskine,5805.37
ebenazetow@reference.com,Female,Cookies - Englishbay Chochip,84.29,63,Brazil,Emma,Benazet,5310.27
srawsthornox@com.com,Male,Bandage - Flexible Neon,24.18,100,Brazil,Sheridan,Rawsthorn,2418.0
rsateoy@ow.ly,Female,Vinegar - Red Wine,5.36,72,Uganda,Rahel,Sate,385.92
kduffittoz@cbc.ca,Male,Teriyaki Sauce,93.24,11,Croatia,Kristos,Duffitt,1025.6399999999999
rpuddenp0@unblog.fr,Male,Lettuce Romaine Chopped,3.34,89,France,Ruby,Pudden,297.26
mdefriesp1@edublogs.org,Female,Pie Pecan,65.11,52,Indonesia,Marjory,Defries,3385.72
npellingarp3@topsy.com,Male,Longos - Burritos,9.88,55,Vietnam,Niels,Pellingar,543.4000000000001
mcortezp4@hud.gov,Male,Fenngreek Seed,82.6,4,France,Mohandas,Cortez,330.4
cmacdermidp5@hostgator.com,Male,Flower - Dish Garden,29.94,71,Philippines,Cece,MacDermid,2125.7400000000002
gpritchettp6@boston.com,Male,Cheese - Valancey,2.05,52,Honduras,Georgy,Pritchett,106.6
ynoyesp7@omniture.com,Male,Pickle - Dill,40.85,98,United States,Yulma,Noyes,4003.3
gburnyeatp8@deliciousdays.com,Female,Beef - Top Butt,45.86,13,Faroe Islands,Gwennie,Burnyeat,596.18
kcrollmanp9@accuweather.com,Male,"Soup - Knorr, Country Bean",86.98,89,South Africa,Kahlil,Crollman,7741.22
vdeveralepa@theatlantic.com,Female,Lentils - Green Le Puy,91.27,81,China,Verna,Deverale,7392.87
mclickpb@intel.com,Male,Chick Peas - Canned,9.48,19,China,Matthieu,Click,180.12
rtoddpc@eepurl.com,Female,Sauce - Sesame Thai Dressing,94.17,90,United States,Rozamond,Todd,8475.3
dpantridgepd@admin.ch,Female,Salmon - Canned,56.17,64,China,Dory,Pantridge,3594.88
ljenickepe@amazon.de,Female,"Lamb - Whole, Fresh",72.5,40,Ireland,Lucina,Jenicke,2900.0
mcoultouspf@sourceforge.net,Female,Eggplant - Regular,16.67,54,Russia,Myra,Coultous,900.1800000000001
cmorleypg@miibeian.gov.cn,Female,Sweet Pea Sprouts,62.41,22,Iran,Cari,Morley,1373.02
wdearlepalserph@examiner.com,Male,Raspberries - Frozen,58.89,89,China,Wilhelm,Dearle-Palser,5241.21
rcostellpi@abc.net.au,Male,Tamarillo,79.45,16,United States,Roland,Costell,1271.2
dlaymanpj@hp.com,Male,Ginsing - Fresh,29.74,67,China,Durant,Layman,1992.58
ecoultonpk@mit.edu,Female,"Wine - Red, Black Opal Shiraz",71.84,84,Panama,Enid,Coulton,6034.56
ncarrenpl@ox.ac.uk,Male,Squash - Sunburst,46.03,12,Bosnia and Herzegovina,Norris,Carren,552.36
rtouhigpm@jigsy.com,Female,Vinegar - Rice,40.83,95,Russia,Rosetta,Touhig,3878.85
gmenghipn@last.fm,Female,Sauce - Hoisin,87.24,98,China,Gusty,Menghi,8549.519999999999
mleggettpo@goodreads.com,Female,Cheese - Comte,32.77,12,Ukraine,Minerva,Leggett,393.24
gnavaropp@ed.gov,Female,Dried Cherries,36.34,83,China,Gabriel,Navaro,3016.2200000000003
rlittlemorepq@thetimes.co.uk,Male,Cheese - St. Paulin,93.02,6,Peru,Ruttger,Littlemore,558.12
stometpr@privacy.gov.au,Male,Table Cloth 62x114 White,98.02,29,Taiwan,Sid,Tomet,2842.58
gpalingps@storify.com,Female,"Doilies - 5, Paper",51.24,98,Philippines,Glenn,Paling,5021.52
tmahaddiepu@prnewswire.com,Female,Muffin Batt - Choc Chk,12.46,97,China,Tillie,Mahaddie,1208.6200000000001
aplanepw@bloomberg.com,Male,Wine - Periguita Fonseca,15.95,66,Honduras,Ancell,Plane,1052.7
brottcherpx@nasa.gov,Female,"Nut - Almond, Blanched, Whole",76.09,42,Ukraine,Belinda,Rottcher,3195.78
cwidmoorpz@google.fr,Male,Puree - Mango,73.08,60,China,Cointon,Widmoor,4384.8
hpocklingtonq1@google.com,Male,"Chicken - Wings, Tip Off",47.54,50,Poland,Homere,Pocklington,2377.0
aemelineq2@netvibes.com,Female,"Sprite, Diet - 355ml",92.28,83,Kazakhstan,Atlanta,Emeline,7659.24
ktabordq3@myspace.com,Male,Foie Gras,77.56,26,Palestinian Territory,Kinnie,Tabord,2016.56
jshakespearq4@ocn.ne.jp,Female,"Juice - Tomato, 48 Oz",56.74,28,Philippines,Jeniece,Shakespear,1588.72
rjefferysq5@answers.com,Male,Carbonated Water - White Grape,58.23,62,Indonesia,Rolph,Jefferys,3610.2599999999998
amccaughranq6@ask.com,Female,Greens Mustard,47.86,82,Mexico,Annadiane,McCaughran,3924.52
bmarushakq7@webmd.com,Female,Swordfish Loin Portions,4.54,62,Indonesia,Bonni,Marushak,281.48
rmanueleq8@ucsd.edu,Male,Puree - Passion Fruit,74.15,9,Mauritius,Rube,Manuele,667.35
rgatsbyq9@seesaa.net,Male,"Crab - Back Fin Meat, Canned",65.23,35,Ecuador,Roderigo,Gatsby,2283.05
ebubbingsqa@umich.edu,Female,Foil - Round Foil,61.79,10,Brazil,Elfie,Bubbings,617.9
celliottqc@mit.edu,Male,Flour - Masa De Harina Mexican,9.99,53,Brazil,Charlie,Elliott,529.47
sdawltreyqe@pen.io,Female,Foam Cup 6 Oz,28.11,93,Argentina,Storm,Dawltrey,2614.23
tsainsburyqf@oaic.gov.au,Male,Wine - Zinfandel California 2002,45.24,26,Bulgaria,Trip,Sainsbury,1176.24
kbuckmasterqg@tamu.edu,Female,Coffee - Cafe Moreno,68.1,53,United States,Keslie,Buckmaster,3609.2999999999997
mgimberqh@fda.gov,Female,Chocolate - Dark,5.87,27,China,Margareta,Gimber,158.49
jpikenqi@spiegel.de,Male,Mackerel Whole Fresh,56.58,90,Sri Lanka,Javier,Piken,5092.2
kpankhurstqj@studiopress.com,Female,Venison - Liver,72.42,71,Sweden,Karla,Pankhurst.,5141.82
mvanqk@ted.com,Male,Almonds Ground Blanched,58.15,55,Sweden,Myrwyn,Van,3198.25
oissettql@nbcnews.com,Female,Rice Paper,32.65,72,Portugal,Oralee,Issett,2350.7999999999997
rslevinqm@chronoengine.com,Male,Fruit Salad Deluxe,81.35,74,South Africa,Robert,Slevin,6019.9
zdomeganqn@nih.gov,Female,Basil - Fresh,7.89,60,Indonesia,Zuzana,Domegan,473.4
eeccleshallqo@webeden.co.uk,Female,"Cup - 6oz, Foam",21.19,39,Indonesia,Ellie,Eccleshall,826.4100000000001
kwillbourneqp@cafepress.com,Male,Phyllo Dough,87.64,25,Russia,Kippar,Willbourne,2191.0
celnoughqq@google.ru,Male,Scotch - Queen Anne,32.02,58,Philippines,Cristiano,Elnough,1857.16
spennoneqr@opensource.org,Female,Beef - Top Sirloin - Aaa,57.89,22,Cameroon,Sarah,Pennone,1273.58
dcellierqs@dion.ne.jp,Male,"Soup - Campbells, Spinach Crm",40.26,50,Armenia,Demetri,Cellier,2013.0
ccardonqt@ca.gov,Female,"Pasta - Fett Alfredo, Single Serve",28.56,39,Belarus,Camila,Cardon,1113.84
dclemmettqu@scribd.com,Male,Lid - 16 Oz And 32 Oz,94.58,49,China,Diarmid,Clemmett,4634.42
whuggardqv@cpanel.net,Male,"Bread - Rolls, Corn",23.56,58,Palestinian Territory,Wallache,Huggard,1366.48
wmainstonqw@umich.edu,Male,Wine - Two Oceans Cabernet,90.93,47,Indonesia,Wes,Mainston,4273.71
byarkerqx@sbwire.com,Female,Chicken - White Meat With Tender,86.0,89,Sweden,Berti,Yarker,7654.0
dhedgerqy@paypal.com,Female,Kippers - Smoked,92.5,1,Ukraine,Dian,Hedger,92.5
omarchmentqz@cnet.com,Male,Fuji Apples,66.67,55,Venezuela,Orv,Marchment,3666.85
fbraybrookesr0@discuz.net,Male,Beans - Kidney White,13.63,46,Indonesia,Frannie,Braybrookes,626.98
hmaureenr1@noaa.gov,Female,Cognac - Courvaisier,17.02,42,Indonesia,Hyacinthie,Maureen,714.84
mcodir2@parallels.com,Female,Dawn Professionl Pot And Pan,91.06,70,Greece,Milena,Codi,6374.2
esinesr4@nationalgeographic.com,Female,Truffle Shells - White Chocolate,64.43,27,Guatemala,Elnore,Sines,1739.6100000000001
rsmallesr5@marriott.com,Male,Sprouts - Peppercress,69.55,22,Russia,Rip,Smalles,1530.1
gdymondr7@toplist.cz,Male,Pineapple - Golden,79.56,55,Sweden,Geoff,Dymond,4375.8
jdobrovskyr8@stanford.edu,Female,Scallops - 10/20,45.77,49,Serbia,Juditha,Dobrovsky,2242.73
gpayleyr9@ebay.co.uk,Female,Mushroom - Lg - Cello,84.29,17,France,Glenna,Payley,1432.93
lfarrantsra@1688.com,Female,Lid - 16 Oz And 32 Oz,46.87,45,United States,Lana,Farrants,2109.15
kmilsteadrb@altervista.org,Female,Island Oasis - Mango Daiquiri,59.1,75,Bolivia,Katina,Milstead,4432.5
jnazerrc@t.co,Female,Steampan Lid,81.96,3,Brazil,Jewel,Nazer,245.88
twerlockrd@craigslist.org,Female,Kippers - Smoked,32.46,34,Sweden,Tedi,Werlock,1103.64
gionnisianre@cnbc.com,Male,Wine - Piper Heidsieck Brut,96.24,18,Brazil,Gherardo,Ionnisian,1732.32
nhaggatarf@t-online.de,Female,"Wine - Saint - Bris 2002, Sauv",79.81,41,China,Nike,Haggata,3272.21
jhanleyrg@ucoz.com,Female,"Bread - Multigrain, Loaf",14.58,28,Philippines,Jacquenetta,Hanley,408.24
ihollylandrh@ft.com,Male,Fruit Salad Deluxe,74.71,72,Thailand,Isac,Hollyland,5379.12
hminallri@dmoz.org,Female,Olive - Spread Tapenade,80.17,38,United States,Hyacinthe,Minall,3046.46
mmoynihanrj@economist.com,Male,Soup - Campbells Chili,59.52,66,Nicaragua,Mac,Moynihan,3928.32
tsertinrk@goo.gl,Male,"Chicken - Wings, Tip Off",57.54,68,Indonesia,Thorin,Sertin,3912.72
dheathcoatrl@de.vu,Female,Bandage - Finger Cots,68.72,34,Portugal,Dalenna,Heathcoat,2336.48
jjostrm@ning.com,Male,True - Vue Containers,65.52,9,Russia,Jermaine,Jost,589.68
lzottolirn@about.me,Male,Lettuce - Belgian Endive,89.71,63,Indonesia,Lorry,Zottoli,5651.73
fkynanrp@phpbb.com,Male,"Chicken - Leg, Boneless",83.02,47,Mexico,Frankie,Kynan,3901.9399999999996
phammanrq@twitter.com,Female,Flower - Commercial Spider,39.01,13,Czech Republic,Pauly,Hamman,507.13
sheggerr@google.ru,Female,Lettuce - Red Leaf,99.99,98,United States,Shaylah,Hegge,9799.019999999999
